1	DANTE COLE	2208.66
2	CRISTIAN SCHROEDER	9100.16
3	JOAQUIN JAST	9619.32
4	MISS INES SCHOWALTER	1479.49
5	MR. NEHA KREIGER	5118.61
6	ASHTYN WILKINSON PHD	3087.67
7	DEJUAN BEER	4147.99
8	ALBERTO SIMONIS	1599.19
9	SIENNA BREKKE	7066.37
10	MALACHI EMARD	7713.23
11	JERROD MAYERT	4221.76
12	BOYD CRONA III	5312.66
13	ADAM ARMSTRONG	9800.21
14	CONSTANTIN HARVEY III	2889.29
15	SIGURD PROSACCO	1341.77
16	SABINA MANN	5645.52
17	GREEN HAAG	6562.95
18	BERTRAND SCHAEFER	1930.93
19	ELIAS DAVIS	8948.64
20	CRUZ BERGE	4228.14
21	KARLEE MAGGIO JR.	3303.01
22	JOANNY KING	3927.95
23	ROSAMOND RUTHERFORD	7399.75
24	DELLA OLSON	9971.46
25	MRS. SANDRINE SCHULIST	4964.15
26	WILMER VON	9090.21
27	DAYANA SIMONIS	4840.34
28	DEMARIO HYATT	6256.08
29	CODY MARQUARDT	5904.67
30	DELMER HEANEY	2542.43
31	LAFAYETTE FUNK	6509.85
32	MRS. BERNARDO BOEHM	9241.18
33	GARRET BOSCO	8349.86
34	ELIZA BUCKRIDGE IV	7541.43
35	DR. CLEORA ZEMLAK	5996.15
36	MS. TYRIQUE TREMBLAY	7146.86
37	ADRIANA ZBONCAK	1356.73
38	KAMREN KAUTZER	4151.79
39	TRYCIA HERZOG	9116.15
40	DANTE WEIMANN MD	7702.54
41	ADELIA WELCH	6350.19
42	PRECIOUS GRADY	9838.26
43	BRADLEY NITZSCHE	5341.21
44	ADELE HICKLE	6099.58
45	MISS EINAR HALEY	5239.39
46	DREW MRAZ	1011.81
47	KATHRYNE WATERS V	5110.65
48	TILLMAN REICHERT	1066.04
49	NICKOLAS LANGOSH	6571.01
50	ISAI HALEY	7656.12
51	ARELY BAHRINGER SR.	5327.56
52	NIKITA BERNIER	6801.29
53	MISS VELMA MANTE	8418.01
54	ETTIE STIEDEMANN DVM	5290.44
55	AMANI ZIEMANN	6520.45
56	BRAYAN HEGMANN	1280.61
57	MOHAMMED TRANTOW	7078.59
58	DUSTIN RENNER I	5129.53
59	DR. KAYLEE HEATHCOTE	7549.73
60	BARTON HARTMANN	2628.73
61	MR. DILLAN ERDMAN	1230.01
62	LUCIANO MAYERT DVM	5062.23
63	LYSANNE BREKKE	9195.37
64	FAVIAN GLEASON JR.	8606.24
65	NOELIA SCHUSTER DDS	1787.13
66	MRS. ISABELL HANSEN	7223.68
67	BAYLEE LANGWORTH	9540.32
68	MIKAYLA TREUTEL JR.	4792.55
69	PANSY RATH	6764.69
70	VINCE ROSENBAUM	1209.67
71	KIRA TORPHY	7247.19
72	PEARL COLLIER	6050.02
73	MIGUEL ROMAGUERA	1271.71
74	CLYDE BAYER IV	7659.86
75	MODESTA RIPPIN MD	6332.13
76	LAVINA COLLIER	2569.13
77	MS. JERRY JACOBSON	2474.49
78	MS. EMERSON FRAMI	9872.64
79	AMERICA BORER MD	3494.32
80	IKE HALVORSON	5273.81
81	ALYSSON FRIESEN SR.	3292.54
82	WILBER SKILES	1942.92
83	TATE CARTER	5101.71
84	GERARD EICHMANN	9356.92
85	DOMENICO GERHOLD	3929.12
86	CHELSEY MCDERMOTT	3106.91
87	CHRISTINE DENESIK	7032.69
88	MR. LUCINDA CONROY	4494.55
89	MRS. TIANNA BINS	7165.42
90	WINFIELD OLSON	6209.93
91	DWIGHT CUMMERATA	9094.35
92	CLINTON STANTON I	7053.84
93	LEILANI HANE	3779.59
94	MRS. KARLEE KOEPP	6420.39
95	LEONARDO KOHLER	8777.09
96	PEARL JACOBS	1289.06
97	HILDEGARD TREMBLAY	5305.73
98	MR. CHANELLE HERMANN	4755.15
99	KAILYN WATERS	2375.52
100	MARGARETTA KONOPELSKI	5144.12
101	DR. JARON QUITZON	7412.85
102	QUENTIN LABADIE	2241.89
103	MR. NEDRA SCHINNER	2168.23
104	MAGNUS FARRELL	8328.27
105	NADIA GULGOWSKI	8499.23
106	NILS SPORER	4627.07
107	TREVOR MOORE	2404.06
108	ZANDER ONDRICKA	5602.75
109	LOMA LANGOSH JR.	6234.24
110	MS. BERYL JAKUBOWSKI	1422.66
111	JAKE SCHADEN	3461.63
112	DANIKA METZ	9597.57
113	DERECK THIEL	2671.46
114	MISS RYLAN TORPHY	8968.81
115	ERNA GUTMANN I	6842.71
116	VERLIE REICHEL	5141.78
117	JAYCE FLATLEY	7412.63
118	ERA SCHOEN	2725.64
119	JOAN KOHLER	7190.45
120	LORINE CUMMINGS	1565.44
121	REVA KOCH	9887.25
122	MRS. ENOS MOHR	2416.73
123	MR. SARAH VOLKMAN	8179.42
124	MS. VERN O'HARA	2978.94
125	ANNABELLE SPORER	7983.15
126	DARBY ZIEMANN	8197.94
127	ERYN WILLIAMSON	4457.68
128	ERICH FLATLEY JR.	3329.03
129	SIMEON SCHUPPE MD	6172.98
130	EARL DUBUQUE	9542.41
131	CRISTOPHER ULLRICH	6055.75
132	MISS LEIF MITCHELL	1530.82
133	ERNA KIHN V	7561.66
134	ESTELLE HILLS	6950.43
135	MARCELINA HALVORSON	1460.09
136	BUD LEUSCHKE	2097.52
137	LONDON WEBER	6065.04
138	LANE KUHN II	8819.15
139	RALPH GISLASON I	1413.02
140	JACINTO ANDERSON	7140.99
141	ANDERSON GOLDNER JR.	4782.52
142	DEJON KULAS V	7125.92
143	ELEONORE DICKINSON	4505.95
144	DR. PAT PAGAC	4615.18
145	SIBYL STEHR	9866.34
146	CASIMIR STAMM	1756.27
147	SHANON HARRIS	5382.11
148	HAYLIE NIKOLAUS	8751.27
149	ELVIS SATTERFIELD	1080.77
150	ARI JAST	7582.28
151	EMELIE WILL	7044.92
152	ENOS MAYER	1501.11
153	MACK KERTZMANN	7628.41
154	ZOIE SHANAHAN	9990.71
155	TAYLOR HINTZ	6491.99
156	LUCIUS MORISSETTE IV	7113.88
157	ORION SKILES	7093.29
158	MRS. MARCELO SCHADEN	3404.46
159	LEVI HAHN	9614.62
160	ANTONIETTA STOKES	1022.64
161	MRS. THADDEUS WEIMANN	3102.82
162	MISS TOBIN WILLMS	2507.03
163	JOHNNY ONDRICKA	2892.39
164	BRANNON SAUER PHD	8459.83
165	JUWAN SPORER	9307.39
166	DEVONTE GOTTLIEB	7734.49
167	GIDEON FRITSCH	6044.82
168	COLBY SIPES	2220.41
169	ANGELINE BREKKE DDS	4276.59
170	HARMON WILDERMAN III	8563.89
171	BRADEN EMMERICH	2486.31
172	UNA BAHRINGER	7213.18
173	DANIKA WAELCHI IV	9269.61
174	MR. BRANDYN MURPHY	1306.51
175	CADEN KIHN I	8732.06
176	EBONY CARROLL	4443.12
177	MR. SIGRID REILLY	5605.28
178	GARETT LITTLE	7177.91
179	MEGGIE PARISIAN	2295.41
180	CASPER ANKUNDING	2177.87
181	EPHRAIM TRANTOW	2329.69
182	EARNESTINE FARRELL	7947.43
183	AARON RATKE	9550.66
184	DIXIE BOGAN	2753.03
185	ANGEL SMITHAM	5015.92
186	MRS. GWEN SCHMIDT	2192.01
187	MS. DALE KEMMER	6854.08
188	MS. TOD GERLACH	1048.51
189	ERICK WILL	1915.72
190	ARNALDO LANGWORTH	3000.92
191	LENNA DIETRICH DVM	6325.89
192	ALBINA VONRUEDEN	8477.58
193	ZENA WITTING	4231.31
194	MRS. CHYNA KOCH	5838.17
195	MALCOLM BLOCK	1346.13
196	MAGNOLIA REICHERT SR.	4729.56
197	CLAUD KOSS	5763.21
198	EMMANUEL OLSON II	7073.98
199	MARCUS FUNK I	5089.27
200	JADE JERDE V	4555.72
201	NED BLICK	7194.65
202	MEGGIE KUVALIS	3133.17
203	MRS. MARTA LEBSACK	6868.52
204	KAYLEIGH HUDSON	3034.38
205	CHRISTELLE WATERS I	2784.52
206	KRIS BUCKRIDGE	3826.52
207	EUGENE COLE	8577.77
208	MONROE STOLTENBERG	9161.75
209	BLAZE POUROS	9146.42
210	HORACIO NIKOLAUS	9843.18
211	MR. SELMER ROWE	2158.38
212	ELLIOT WEISSNAT	6699.94
213	MISS MAYE HUDSON	7110.27
214	TYREEK LESCH	5528.32
215	JOSEFA GREEN SR.	5098.92
216	LARRY COLLIER	4864.35
217	MISS CAMERON AUER	2256.78
218	ERNA THOMPSON	1743.33
219	MS. AURELIO MURAZIK	3982.04
220	SHANELLE SCHAEFER	5089.63
221	MARYAM NITZSCHE	8514.45
222	ESTELLA GRADY	9707.27
223	MISS BRODY TORP	4719.09
224	SANDRINE MACGYVER	6138.51
225	JAYCE WEHNER	1680.06
226	DARRYL REILLY SR.	4162.52
227	LEONEL WISOZK	8716.42
228	SHANNON LUBOWITZ	4851.44
229	AUGUSTUS PROSACCO	1616.09
230	ERNESTINE STEUBER IV	7630.31
231	MR. JOYCE SPENCER	9478.15
232	IMA BASHIRIAN JR.	1383.89
233	JAZMIN O'KEEFE	3468.99
234	MAXIMILIAN OKUNEVA V	8736.05
235	MISS EDEN HOWE	1688.44
236	MS. RANDAL JOHNSON	6107.23
237	WANDA GULGOWSKI	2235.43
238	DAISHA O'REILLY	9553.37
239	BARON GOLDNER	2744.51
240	MELYSSA JASKOLSKI	7388.87
241	MRS. MURIEL HAMILL	4086.21
242	CASEY RITCHIE	5523.02
243	MISS LAFAYETTE WIEGAND	3954.79
244	MR. FABIAN HUDSON	5549.72
245	NICOLA SCHAEFER IV	5869.96
246	SALVADOR NICOLAS	6016.41
247	TITUS STOKES JR.	4628.04
248	WINSTON KOEPP	9323.12
249	AGNES MACGYVER I	2112.66
250	AL BAILEY I	1502.68
251	EFREN OBERBRUNNER	9892.04
252	MISS HILBERT REILLY	5682.13
253	CHARLOTTE JOHNSTON	5260.36
254	OLGA FEENEY	1824.66
255	JOHN WHITE	6560.59
256	DR. BERNADETTE LEHNER	7982.94
257	NELLA RATH	1750.15
258	SCOTTIE MCGLYNN PHD	4863.73
259	MISS LEONE MAYERT	7734.45
260	KRYSTINA STEUBER	8581.65
261	TERRILL KLOCKO	9532.77
262	RANDY PAGAC IV	6599.92
263	BROCK THIEL	6131.04
264	MISS JERAMIE RUNOLFSSON	1384.93
265	ELOY BORER II	6469.64
266	MARGE SCHILLER	7309.92
267	MYRL HANE	6561.72
268	ANAIS GREENHOLT	9313.87
269	MRS. DARIO SCHUPPE	9169.19
270	AURELIA JACOBI	7019.86
271	AUSTIN LUEILWITZ PHD	4303.83
272	LINDSAY JONES	6149.52
273	MANUELA JOHNSON	4451.93
274	NASH WEISSNAT I	1691.61
275	ELENORA TOWNE	5982.82
276	THEA ROBEL	2713.84
277	EDWARD HOPPE	7724.04
278	DR. MORIAH BARTON	2760.01
279	GREG NITZSCHE IV	7705.07
280	ALVERA HAHN IV	2159.32
281	ONIE WOLFF	2767.15
282	JAEDEN GLEICHNER	3301.66
283	KALEY HAGENES	9401.27
284	TELLY RIPPIN	8686.07
285	RYLEE DICKINSON	2647.44
286	DALTON O'REILLY	6802.95
287	DOMINGO KING	1871.07
288	LOU ROOB	5113.48
289	GUSSIE MARKS	6710.25
290	MS. VERNIE BRAKUS	7509.66
291	NOEL DAVIS	4008.93
292	MADALYN BREKKE	1645.71
293	LORA SCHROEDER III	5284.55
294	NOEMY ROLFSON DDS	6810.18
295	IVAH JASKOLSKI DDS	5338.93
296	MS. JAKE GIBSON	7507.02
297	GENESIS LANG II	8623.22
298	HUMBERTO OSINSKI	2458.72
299	ESTEFANIA SCHADEN	5017.84
300	MRS. JETT MITCHELL	7042.91
301	ALYSA WOLF	4405.88
302	MS. GIOVANNY KOSS	2181.09
303	GLEN GUTMANN	7569.87
304	GABRIELLA TILLMAN II	9959.07
305	MYRON EMARD	7938.44
306	MARGARETT KOELPIN MD	5601.85
307	CANDACE TREUTEL	7315.39
308	HOLLIS BARTON	2515.98
309	DR. ELIEZER GLEICHNER	5684.69
310	ALEEN GORCZANY	5242.61
311	SAMANTHA TERRY	9322.66
312	EASTON LINDGREN	3538.92
313	FLORIAN HIRTHE II	8187.21
314	CARLOS LESCH	3956.84
315	MS. TIFFANY MORAR	6941.41
316	FAE HERMISTON	5685.46
317	TATUM STIEDEMANN	7847.29
318	ALESSANDRO BERGNAUM	6795.68
319	JOSIAH GOLDNER	9556.29
320	JOSUE JOHNS	3975.61
321	KRISTOFFER HYATT	2240.08
322	WILHELM KEMMER	9574.69
323	DR. ANTOINETTE KSHLERIN	1220.56
324	ELISA KUTCH V	7961.08
325	TREVER LEDNER MD	9532.63
326	MARTA ROOB	5166.97
327	JOEL LINDGREN	9122.32
328	MURL YUNDT	4038.27
329	LYLA BEDNAR	8311.64
330	SHAUN MONAHAN	7086.14
331	JARON SAWAYN MD	4952.23
332	LISETTE MANTE	3734.17
333	RUPERT LANGOSH	8195.37
334	BEN GERLACH	1465.33
335	HAYDEN LEMKE	9313.16
336	PEDRO STARK IV	3618.95
337	RAE AUER	8289.21
338	ZAKARY DICKENS MD	7983.97
339	MR. VIVIANNE HUELS	3467.11
340	DR. BROCK LOWE	1471.29
341	KHALIL STARK	9351.56
342	JOHNNIE LITTEL	5975.05
343	DR. AUBREY BINS	5321.87
344	RAMIRO LEANNON III	7527.28
345	LORENA HOPPE DVM	2798.03
346	RODRIGO WILL	9273.83
347	GRETCHEN LEANNON	3120.65
348	TREVA BEATTY	2429.15
349	ASA O'HARA	6731.31
350	KENNEDY MANN	7884.02
351	KEAGAN BAUCH	8656.93
352	ANIYAH CARTER	6998.95
353	LEIF LANGOSH	2126.02
354	RORY WIZA III	8907.58
355	NEIL RAYNOR	4612.33
356	LEONORA REILLY	3221.06
357	BERENICE FISHER	3476.34
358	ADRIENNE BERGE	4277.11
359	HALEY BARTELL	6712.05
360	DR. ANGIE LANGWORTH	9618.55
361	CANDIDA GRADY	6991.87
362	LEONARDO SPORER	1781.12
363	MR. KRYSTAL JOHNSTON	7050.38
364	MISS EDWIN HUDSON	8493.79
365	KAREN RICE	6536.72
366	ISIDRO MULLER	3713.56
367	MAYMIE GERHOLD	1842.31
368	MARISOL SCHAEFER	9582.05
369	EMORY OLSON DVM	8752.56
370	JERMAIN KLOCKO	2304.12
371	MR. JACEY BARTELL	4781.32
372	DR. TOMAS ZBONCAK	7982.53
373	BLANCHE SIPES	7343.84
374	LUCIO STOKES	6863.94
375	ELLIOT HILPERT MD	6116.92
376	MR. NIKITA WINTHEISER	6758.93
377	RASHAWN PARKER	5882.71
378	WENDY RAYNOR SR.	9930.28
379	BENJAMIN WINTHEISER	4491.21
380	GRANVILLE THIEL	4646.51
381	LUCIO SCHOWALTER	5201.28
382	BRUCE BRADTKE	1736.03
383	MR. EMILY WAELCHI	4729.85
384	YESENIA KUB V	7955.29
385	VELDA SENGER	4344.14
386	MISS GUADALUPE LUEILWITZ	5388.64
387	ALEK D'AMORE	1375.03
388	DR. ELDORA SANFORD	5895.92
389	PATRICIA WARD	8691.31
390	MISS CASEY ROSENBAUM	9072.18
391	MR. CHRISTA TURNER	7688.63
392	KAYLEE RUSSEL	4555.21
393	VIOLETTE BOYLE	8368.44
394	WILLY LANGOSH	2393.99
395	TIANA MITCHELL	9471.96
396	ALANA LEBSACK	2102.26
397	ISMAEL WAELCHI JR.	4384.45
398	BREANA QUIGLEY V	7347.97
399	SARINA LABADIE IV	2242.78
400	BENNIE GREENFELDER	5571.07
401	DR. ERYN BORER	7525.82
402	KATTIE MCDERMOTT	5881.36
403	MARTINA SMITHAM	1299.46
404	JOANA SPORER	3513.21
405	MR. HELMER BOGAN	3832.01
406	KEVIN BOEHM	3441.37
407	MARISA WEST DVM	8715.46
408	ISOM LARKIN	1031.07
409	DR. JASON JENKINS	6711.47
410	COLE BLANDA	2048.35
411	ESMERALDA GRADY	8262.55
412	MR. JED GOYETTE	3983.53
413	BRODY CONSIDINE	6259.37
414	MISS MITCHELL KEMMER	9509.53
415	MISS TWILA SCHIMMEL	2853.81
416	FAUSTINO CONROY DVM	5332.84
417	LARRY ZEMLAK	1732.64
418	EINAR PURDY	2095.19
419	MISS LIA DECKOW	6957.18
420	DONATO KUHIC	7870.68
421	JUDSON FRAMI	4079.22
422	DR. GEORGE UPTON	1786.29
423	ERNEST RUSSEL	1472.36
424	JENNIE DANIEL	2297.35
425	LUKAS O'CONNELL	3001.12
426	ARACELI BECHTELAR	6961.08
427	ERNESTINA TREUTEL DDS	5682.98
428	MRS. MAGNOLIA BRAKUS	8426.86
429	FILIBERTO MILLS	5926.02
430	MISTY SAUER	5333.03
431	MR. CYRUS THIEL	7827.71
432	MURRAY KRAJCIK I	2575.03
433	MICHEL PADBERG PHD	4237.22
434	HENRY SCHUMM	3593.41
435	RALPH CORWIN	9739.04
436	NORENE ROBERTS	9165.85
437	EMMY WEHNER	5891.51
438	MS. MARISOL LEMKE	8642.34
439	AIDAN CUMMINGS	6827.84
440	NICHOLAS SCHULIST II	5507.89
441	GORDON DOYLE V	7809.91
442	LAURY STREICH	3868.55
443	CAROLYNE TOY	8954.52
444	ZOIE ROOB SR.	2459.57
445	ELLA SAUER	2825.77
446	MACK SCHUSTER MD	7373.81
447	CONRAD FRANECKI	7558.41
448	MISS NELDA KUPHAL	7053.54
449	THORA WUCKERT	5345.65
450	HAL WOLFF	2922.59
451	GENERAL RICE	9178.72
452	MISS ORLO LANG	2051.17
453	MS. ELIJAH SCHAMBERGER	6211.96
454	MRS. IBRAHIM LEMKE	2619.21
455	MISS ISAC HINTZ	7132.97
456	DESIREE MEDHURST V	9792.94
457	MR. VIRGINIE MOHR	2762.22
458	JAMIE HOEGER	2916.37
459	CESAR OLSON	6444.73
460	ELZA GIBSON	2661.89
461	ELMORE GRADY	9512.01
462	GROVER LANGWORTH	3383.73
463	BEAU HAAG	2211.21
464	JAMISON VEUM	6961.57
465	HEATH KERTZMANN	8586.47
466	DESHAUN MOEN	6673.05
467	DAYANA KOELPIN	3351.27
468	MARCOS BOYER	1192.87
469	DR. ERWIN SKILES	1818.27
470	DOUG COLE	9419.41
471	MRS. AMIYA O'CONNELL	4913.26
472	WESTON KOZEY PHD	3050.63
473	VINCENZA JONES	6620.51
474	VERNA DECKOW	3813.19
475	ADDISON POLLICH	4127.09
476	MS. ALDA BREITENBERG	6162.85
477	STEPHANIA KESSLER	8947.56
478	IVAH DICKINSON PHD	2913.83
479	WELDON VOLKMAN	2820.84
480	MS. BRIA KREIGER	1001.54
481	ARON BORER	4386.85
482	ROSELYN GRANT	5353.85
483	MS. JEANNE FRITSCH	4528.77
484	GIOVANNI WALTER	4084.03
485	LOGAN SIPES	2789.45
486	MARIAN UPTON II	7065.79
487	HENDERSON SPORER	7037.02
488	NELLIE WALKER	3197.53
489	EMERY ULLRICH	8027.98
490	MILES REMPEL	6762.99
491	CAYLA WOLF	7800.38
492	RAMONA FRIESEN IV	1857.24
493	JUSTICE JACOBSON	3857.89
494	DAREN HALVORSON	6214.73
495	MS. HERTHA PURDY	4834.39
496	MAVERICK MILLS II	3660.13
497	DANDRE MERTZ	3077.72
498	MS. KIRSTEN TILLMAN	2291.22
499	KATLYN STIEDEMANN	6343.55
500	MISS CHRIS WINDLER	2937.08
501	LAMBERT BARTON	8814.55
502	KIARA KOEPP	1177.66
503	SHANNY SCHROEDER	1135.08
504	JOELLE POLLICH	2574.22
505	MILLIE BREKKE	5720.06
506	JAMEY SMITHAM	9545.44
507	URSULA MITCHELL	3432.11
508	EUGENIA SCHUSTER	3252.12
509	KACIE LARSON	7093.12
510	THOMAS BRADTKE	4806.75
511	TRISHA LITTEL	3041.63
512	LAURIANNE KEMMER	8408.66
513	LEOPOLDO JACOBI	5546.76
514	DEMARCO KONOPELSKI	6279.66
515	ANIYA DOOLEY	5114.03
516	LAMONT AUER	2872.33
517	BERYL KEEBLER	1079.79
518	DELBERT KING	8979.92
519	KOBY STEUBER	1979.56
520	LOLITA WAELCHI	3147.91
521	LELAND VANDERVORT	3020.58
522	JOEL SMITHAM	3411.95
523	JAMAAL PRICE	7192.33
524	ROSETTA CARROLL	1983.03
525	TAUREAN WILKINSON	2114.84
526	JENIFER DENESIK	3915.64
527	DEDRIC STRACKE	9045.28
528	CASIMER CONROY	6490.16
529	CHRISTINA WISOKY	2360.78
530	MAYE ZBONCAK	9908.79
531	DESHAWN KIRLIN	5752.54
532	JUVENAL WILLIAMSON	5564.45
533	ELOISE HAMILL	1671.21
534	LEE NIKOLAUS	5098.15
535	TIANA NIENOW	6493.58
536	CARLETON WOLF	4241.08
537	DAGMAR ROSENBAUM	1585.68
538	LADARIUS FAHEY	7223.75
539	ROSCOE KIRLIN	6713.12
540	LOYCE PREDOVIC	7122.69
541	GINA MITCHELL	8681.08
542	KAREN SATTERFIELD	8470.04
543	AARON GOLDNER	3038.01
544	MONTANA PRICE	7775.29
545	VICENTA HYATT	6650.46
546	BERTRAM JAKUBOWSKI	5641.72
547	DOMENICK SPINKA	2230.04
548	ERNEST RATKE	6328.09
549	LENNA BOEHM	5431.71
550	LEILANI MAGGIO	6146.21
551	JOCELYN KUNZE	1243.89
552	DAMIAN LEUSCHKE	2119.35
553	DAVONTE QUITZON	7307.18
554	PATTIE CARROLL	9956.22
555	ALLAN ROOB	8148.83
556	JANIYA MAGGIO	2265.97
557	JASON WARD	4162.35
558	MATTEO HERMISTON	6720.38
559	MURPHY THOMPSON	3522.11
560	MICAH KREIGER	1168.05
561	KEAGAN HANSEN	1872.88
562	EMMALEE MORAR	4935.13
563	AIYANA KUHN	7951.49
564	CHAD PROSACCO	7602.17
565	DALLAS SCHMITT	8470.55
566	MYRTLE CASPER	4773.95
567	BELL JENKINS	3585.34
568	EULA LYNCH	4347.01
569	DIMITRI QUIGLEY	8510.83
570	NATALIE ROBERTS	1239.01
571	ADRIAN SCHUMM	9727.21
572	LAVON HETTINGER	4679.11
573	GILBERTO O'CONNER	4852.59
574	JENIFER MCKENZIE	7934.08
575	GERARD VANDERVORT	3219.69
576	TONI LOCKMAN	1151.55
577	TERRANCE MACGYVER	8625.12
578	MAKAYLA DENESIK	8975.79
579	AURELIA BOYLE	3730.65
580	JUSTICE MANN	3988.05
581	LESLEY BECKER	1016.34
582	SIMONE GOLDNER	8051.13
583	KELLY WHITE	3836.82
584	OLIN BOGISICH	6138.78
585	SHAWN CROOKS	5863.93
586	LINWOOD STOKES	3974.72
587	NEVA HAHN	4356.86
588	CORENE KIHN	9092.71
589	VINCENZA LUBOWITZ	6603.58
590	OTTO TOWNE	5476.39
591	THEO MAGGIO	7968.47
592	JAYLAN HOEGER	9269.99
593	PEARLIE BARROWS	5181.29
594	RHODA HANE	4872.98
595	ZACKARY JOHNS	1542.24
596	ANGELO FLATLEY	6604.06
597	EVA ZBONCAK	7230.19
598	LITZY BRADTKE	4643.82
599	CHARLOTTE YUNDT	7575.87
600	TAYLOR NOLAN	3489.18
601	SHANA KIRLIN	5983.45
602	JOVANNY WILLMS	1920.93
603	DEVYN LEDNER	5848.12
604	FREDY HERZOG	5248.93
605	CASSANDRA BRAUN	3180.73
606	KELSIE RATH	7272.27
607	MALVINA LEANNON	5154.85
608	PRESLEY GLEICHNER	5510.96
609	OTTIS MEDHURST	3332.71
610	ULISES NITZSCHE	3739.69
611	TIANA BEDNAR	1823.52
612	MAYBELLE AUFDERHAR	6593.71
613	RAFAEL CORWIN	2004.74
614	SHANIA HYATT	6003.06
615	DEION QUIGLEY	3619.49
616	ROBBIE MULLER	1638.54
617	BRETT EMMERICH	7798.16
618	FLORINE CASSIN	8240.57
619	HOYT YUNDT	2580.83
620	MATHEW MARKS	8357.69
621	CASSANDRE HESSEL	8228.88
622	HOBART HEIDENREICH	8986.54
623	WILL HELLER	8136.03
624	ARJUN FEENEY	8686.16
625	BILLY WEHNER	1084.39
626	SHANNON HAYES	8542.07
627	BEAULAH LINDGREN	6209.41
628	CLARE JOHNS	9252.84
629	AUBREY HOPPE	8015.15
630	EVERETTE MCCULLOUGH	3276.29
631	SHARON JOHNSON	2176.52
632	KRISTOFER KUTCH	1782.93
633	MAZIE HANSEN	7052.38
634	MARVIN SCHULTZ	9471.21
635	MARCELO BOGAN	7549.87
636	JUVENAL KLING	7975.12
637	ARDEN KASSULKE	1780.02
638	STEPHANIE HERZOG	5332.44
639	AUDIE WEISSNAT	6063.95
640	GAYLORD SCHUSTER	5987.68
641	MYAH SMITH	3528.62
642	GRIFFIN FEENEY	3673.59
643	JORDAN NICOLAS	9725.31
644	TITUS MORAR	8678.04
645	TERESA GRAHAM	8011.51
646	LAVINA UPTON	4463.57
647	LILY KUHN	5919.45
648	KITTY HOPPE	1926.83
649	MARTY WILL	6786.21
650	MARLEY EMMERICH	6138.68
651	KEVEN BOSCO	2864.45
652	DOCK ROMAGUERA	9292.14
653	WINSTON SPINKA	7225.13
654	SONNY HOMENICK	9457.39
655	ALFREDA WEBER	5294.82
656	DELORES ZBONCAK	5668.72
657	KAYLAH DICKI	5216.74
658	FREDY PARKER	3238.67
659	PASQUALE ANKUNDING	2557.32
660	LOY OBERBRUNNER	9450.62
661	CONOR SCHILLER	3319.35
662	JANICE WEHNER	5555.45
663	ELVIE PURDY	9810.53
664	MOLLIE ROOB	8874.96
665	FEDERICO HOMENICK	8076.78
666	MALACHI LANGWORTH	6247.07
667	DARRION FRAMI	1081.69
668	MONROE DAVIS	3410.72
669	OSVALDO HAMILL	5189.49
670	JUSTINE BERNIER	5299.34
671	MONTY LABADIE	4839.15
672	LITZY GLEICHNER	4465.87
673	CAROL PARISIAN	9227.05
674	KEELY GREENHOLT	1373.41
675	REYNOLD SCHINNER	2107.23
676	CHRISTINE SCHNEIDER	5073.91
677	ISAI KOCH	3985.21
678	HOLDEN LUBOWITZ	2458.44
679	TERRENCE ABERNATHY	3579.59
680	KARIANE STARK	8081.43
681	JOSEFA ORTIZ	5938.58
682	REYNA HAMILL	8646.52
683	CLEMMIE WALKER	8179.04
684	LOUISA RODRIGUEZ	8022.03
685	BROWN GOODWIN	5704.45
686	KAMILLE ROMAGUERA	4922.38
687	JOHNNY SCHMITT	9316.75
688	JUANITA BOGAN	2361.45
689	GRADY FEEST	7757.79
690	GEO HILLL	5297.06
691	RAPHAEL O'CONNELL	1073.45
692	HAILIE KERLUKE	9593.98
693	WILFRID PARKER	5046.94
694	ERNESTO PARISIAN	5032.96
695	DARRELL STOKES	6759.44
696	ALANA KESSLER	6164.52
697	KRISTINA RICE	5246.16
698	YVETTE WYMAN	3036.17
699	CONSTANTIN WAELCHI	7211.84
700	MAGDALENA HINTZ	9949.25
701	TREVA JOHNSON	3069.44
702	THURMAN ORTIZ	8046.73
703	HERMAN KUPHAL	5787.78
704	UNIQUE BOGAN	6450.17
705	EVERETTE CORKERY	6758.32
706	JAMARCUS ANKUNDING	1400.35
707	CORNELL BECKER	7266.07
708	EVE ULLRICH	1614.17
709	BIANKA BAUCH	2979.27
710	MURL SWIFT	3044.13
711	JACKSON LEDNER	9146.45
712	RUDOLPH RENNER	1524.11
713	WILBERT GORCZANY	9794.53
714	EMILIA DIETRICH	9580.22
715	ELSIE DIBBERT	1731.27
716	BARON DAUGHERTY	2629.01
717	JEREMY LITTEL	9832.64
718	DAPHNEE BERGSTROM	1016.68
719	ANNABELLE STEHR	6737.23
720	CORY LEDNER	3172.93
721	RUTHIE SPINKA	6769.44
722	JACYNTHE O'KEEFE	2703.36
723	NIA VONRUEDEN	4289.15
724	CONRAD HESSEL	6054.88
725	ELDA LIND	7367.09
726	TRACEY MOSCISKI	5871.35
727	ESTEL HEATHCOTE	5720.07
728	JANY MUELLER	2528.54
729	CLEMENTINE WELCH	3556.97
730	JOAQUIN RICE	4050.91
731	JAY WOLF	1642.12
732	RACHELLE MERTZ	8506.26
733	ELLIS LEUSCHKE	4004.26
734	MAURICE CHRISTIANSEN	3214.84
735	NIGEL BRAKUS	2731.95
736	QUINTEN LESCH	4044.29
737	FOSTER FRAMI	1668.58
738	LINNEA BOGISICH	7127.12
739	CLEMENTINA KLING	4124.24
740	REESE COLLIER	1966.83
741	JEROD ULLRICH	9312.65
742	SUSAN FRITSCH	8378.36
743	LUCIANO BREITENBERG	2110.55
744	LAURETTA NICOLAS	2245.31
745	DARRELL BEIER	3302.31
746	WERNER KOCH	8462.75
747	PASCALE SWIFT	8032.07
748	BIANKA RUSSEL	7985.12
749	MILAN CUMMERATA	7742.69
750	NYA BUCKRIDGE	8295.87
751	zechariah howell	4450.58
752	elouise kiehn	9769.36
753	eli altenwerth	6828.01
754	rebeka greenfelder	3928.79
755	hassie huels	5284.97
756	iliana padberg	7929.36
757	mathilde homenick	7385.59
758	darius bergstrom	8856.51
759	berenice gutkowski	6157.38
760	malvina dach	3063.37
761	rasheed wisozk	6241.87
762	martine crist	1167.88
763	larue hermann	8944.77
764	tatyana larson	9293.14
765	ruthie hintz	9747.84
766	orland paucek	6591.67
767	jackeline marks	4320.31
768	valentin bernier	8598.24
769	katelynn schumm	1200.92
770	hosea abbott	4056.53
771	eleonore schoen	2318.57
772	jamarcus ankunding	7593.31
773	vergie farrell	5695.94
774	nathanial hessel	4777.58
775	genoveva hermiston	5530.22
776	hannah weissnat	6863.56
777	rashawn boyer	8986.47
778	geo schmitt	1099.72
779	eldred tillman	8988.61
780	doyle lehner	4294.87
781	emanuel howe	8699.01
782	andy adams	2385.59
783	wanda swift	3174.43
784	carmel muller	8525.15
785	garfield mcclure	8980.34
786	westley bauch	3344.99
787	baron daugherty	7408.32
788	joanie kassulke	6213.56
789	kathryne prohaska	5431.97
790	franco pollich	6009.39
791	glennie daugherty	1077.51
792	marquis lakin	6739.62
793	darby weimann	1392.97
794	tommie monahan	6100.84
795	federico keebler	4363.64
796	leatha mcclure	7856.11
797	chandler champlin	6527.77
798	tamara grimes	1291.49
799	myrtle rogahn	1510.51
800	abbie considine	9093.59
801	rhea howell	5281.03
802	nelle runte	8954.04
803	mackenzie marks	4934.28
804	kenton barrows	1004.41
805	hollie fay	7987.63
806	karen bode	7951.19
807	hannah klein	2058.91
808	tyree renner	8398.11
809	adriel kovacek	4461.86
810	dennis renner	8905.02
811	wallace monahan	8453.21
812	cordia hirthe	3507.54
813	henry schinner	2554.67
814	d'angelo considine	9064.08
815	josiah tillman	1197.46
816	jamison dare	9593.29
817	emmet hudson	7490.94
818	lia kuhn	2050.58
819	dorothea terry	5087.99
820	emmie turner	9352.76
821	devon waelchi	3413.69
822	elisa brown	8132.13
823	casper erdman	2616.51
824	saul smitham	4063.61
825	cletus kihn	3946.52
826	viviane stanton	9810.95
827	luella friesen	9626.95
828	koby carter	8602.21
829	agnes dubuque	1445.73
830	kim dietrich	5517.56
831	mary dibbert	9774.71
832	danyka yundt	5222.32
833	kathlyn little	7334.16
834	kasey crist	6757.06
835	juliana schamberger	5171.01
836	tania hand	3579.82
837	jeramy legros	4722.95
838	bernardo breitenberg	8895.09
839	arvilla quigley	7048.05
840	stephen robel	6891.94
841	sandra wuckert	3298.68
842	reuben morissette	7787.07
843	john hane	5679.27
844	isobel littel	3059.22
845	madie koch	5513.54
846	effie bogan	8987.64
847	sigurd schimmel	4491.67
848	jarred hauck	4526.94
849	kariane bailey	3339.28
850	melody west	5576.63
851	alice mcglynn	9075.03
852	woodrow wolf	4270.99
853	murphy jenkins	3157.05
854	devan veum	2146.47
855	pearlie feest	9066.36
856	nigel franecki	9937.83
857	adell conroy	3811.73
858	kiana bins	6620.97
859	roman pfeffer	1210.67
860	toby kihn	6028.65
861	gerry beahan	4037.05
862	alysson gibson	7521.05
863	owen hessel	3482.92
864	nicholaus ebert	3241.59
865	torrance runte	7486.52
866	bert kohler	8333.62
867	landen turner	2289.01
868	ubaldo dickens	6407.73
869	lexus o'reilly	4259.74
870	carissa watsica	4687.42
871	neil grady	4363.63
872	elody adams	6517.88
873	maxwell fadel	9408.41
874	cora flatley	6881.36
875	cecile douglas	5625.91
876	gideon fisher	9380.38
877	domingo legros	7919.25
878	cornelius huel	1326.99
879	howard dubuque	3486.29
880	carolyne turner	7938.91
881	uriah becker	3257.14
882	ozella grimes	7814.03
883	obie farrell	9738.46
884	cassandra eichmann	6847.17
885	misael wilderman	8465.94
886	kody stroman	1348.09
887	gina ullrich	1928.95
888	sydnie bruen	9564.88
889	vilma conn	2002.62
890	lincoln bogisich	9490.87
891	ali treutel	3509.39
892	sonny davis	6762.66
893	aurelio zboncak	4715.78
894	jett weber	4148.24
895	rollin hirthe	7673.73
896	kayli tillman	4667.74
897	odell lueilwitz	5764.83
898	destin gaylord	4741.77
899	augustine greenholt	3687.14
900	kennedy klocko	8732.28
901	broderick conroy	8152.57
902	freddie bayer	2015.14
903	antonia ernser	3451.87
904	etha mante	6079.26
905	amy hilpert	3661.08
906	reece little	9763.31
907	marshall gottlieb	1807.38
908	heidi terry	9904.02
909	yoshiko bruen	5200.54
910	raymond little	4113.04
911	xavier zulauf	9657.18
912	kaelyn hilpert	1999.65
913	dejuan moen	6566.92
914	chasity larkin	7910.27
915	dandre abshire	4469.82
916	mose reichert	6936.71
917	eldora kertzmann	7422.62
918	rosalinda o'hara	5942.39
919	tremayne kautzer	5466.96
920	amaya ledner	7095.72
921	kaitlyn paucek	8564.41
922	franz emard	1840.49
923	juwan keebler	7563.57
924	maddison green	4608.11
925	orpha kovacek	6066.61
926	asa stracke	6278.93
927	einar vonrueden	3910.83
928	justus effertz	8896.69
929	luis crist	1615.55
930	marcelino dooley	5316.28
931	virgie wolf	9630.06
932	jazmyn pouros	1041.11
933	roberto mohr	1031.22
934	quinten johnson	6778.24
935	beverly bartoletti	6197.74
936	onie jast	9516.44
937	mary little	8705.76
938	katelyn haley	2109.38
939	alexandria waelchi	7520.52
940	bernhard kessler	9824.38
941	lewis frami	5903.23
942	sallie prohaska	4253.18
943	toni renner	8617.63
944	jackeline pouros	3795.07
945	leann kiehn	2653.17
946	eliseo morissette	4545.19
947	retha hagenes	7745.68
948	roslyn keeling	5344.32
949	hortense renner	8187.33
950	tara boehm	9361.59
951	trever morar	7958.99
952	christop nicolas	3583.67
953	bertrand dooley	7979.64
954	marilyne hyatt	3013.75
955	joanne schiller	1541.69
956	julius upton	4284.93
957	jammie satterfield	8454.86
958	mustafa nienow	4649.68
959	estella hoppe	1463.03
960	ayana kunde	9448.05
961	barton trantow	7563.96
962	gabe hills	8750.91
963	jasper zemlak	4970.22
964	dayana pfeffer	8558.66
965	sammy shields	8879.84
966	deontae boyle	2514.32
967	angus morar	8855.32
968	marvin schaden	9326.49
969	casimir rodriguez	5803.91
970	vilma nicolas	9286.47
971	samara haag	2812.87
972	camron turcotte	1464.43
973	jesus greenfelder	6204.65
974	dahlia donnelly	3763.82
975	laurie padberg	4838.16
976	kathlyn o'connell	1788.42
977	alanis kovacek	9610.93
978	terence mueller	3362.36
979	lewis kohler	9836.48
980	friedrich tillman	7100.34
981	maddison paucek	1408.96
982	eula hartmann	9952.95
983	mose barton	1035.52
984	kade howell	6642.61
985	kacey zulauf	5796.29
986	tristin schaefer	8444.23
987	ben brakus	7581.59
988	billy baumbach	7730.57
989	dewayne effertz	5927.86
990	fausto mante	1313.31
991	juwan stark	5129.34
992	marcella leannon	3204.28
993	hiram wintheiser	8080.27
994	lisandro rau	5188.04
995	savion bahringer	9335.43
996	stacey nicolas	3401.38
997	kavon emmerich	7805.02
998	rosalyn price	2812.24
999	kellie towne	5897.32
1000	monroe bernier	4936.88
1001	salma BUCKRIDGE	6024.18
1002	katarina LESCH	4975.39
1003	betty MITCHELL	5316.07
1004	dalton HANE	3247.19
1005	zachary HARBER	3977.66
1006	vincent GOODWIN	7750.77
1007	eddie ZULAUF	8032.32
1008	melba ARMSTRONG	4242.31
1009	lorine STEHR	1855.95
1010	gregorio GRAHAM	8166.34
1011	vance AUFDERHAR	5047.03
1012	nicole DOOLEY	9202.66
1013	robbie BLANDA	3024.64
1014	cleo GREENFELDER	4315.92
1015	jaime FRANECKI	9517.32
1016	jerrold KLING	5724.15
1017	yadira CONN	5720.57
1018	scarlett DECKOW	1272.43
1019	aron MURAZIK	4008.91
1020	jonathon FAY	6918.04
1021	kiley REINGER	2912.42
1022	alyce VEUM	4600.93
1023	cooper LANGOSH	5810.53
1024	floy JACOBS	9549.65
1025	jayden JASKOLSKI	7665.24
1026	johnny TILLMAN	1054.94
1027	paul O'HARA	1055.57
1028	maynard ZEMLAK	4243.19
1029	natalia BECKER	8899.88
1030	terrill COLLIER	9572.82
1031	arne CARROLL	2654.89
1032	lilly WILL	7857.98
1033	taya SANFORD	2938.94
1034	aida PREDOVIC	7561.55
1035	karen KOZEY	3107.55
1036	myrl GERHOLD	2232.21
1037	nicola WALTER	9771.92
1038	desmond CHAMPLIN	7648.19
1039	fabian HUDSON	3929.59
1040	odie KOVACEK	6766.67
1041	treva SCHMELER	2437.03
1042	nicolas HALVORSON	3804.54
1043	ariel ZEMLAK	6569.18
1044	lincoln ROOB	3113.33
1045	judah O'KEEFE	1528.26
1046	fabian DIBBERT	5393.07
1047	kaci BOGISICH	9672.85
1048	mittie WOLF	3257.88
1049	fritz HANSEN	2065.28
1050	monroe REICHEL	3618.13
1051	earnestine MACGYVER	8419.54
1052	dorothy CRUICKSHANK	7468.01
1053	lela CRONA	5381.31
1054	sonia RIPPIN	6199.35
1055	rhoda HILPERT	6201.17
1056	kale KUHIC	9583.07
1057	cassie MOEN	7421.96
1058	jesse HANE	3930.46
1059	paris TORP	8535.45
1060	aditya ABSHIRE	7049.19
1061	cedrick RATH	4480.61
1062	orland CRONA	8304.91
1063	ila BROWN	4031.64
1064	della DOOLEY	1251.42
1065	yoshiko VOLKMAN	2048.24
1066	jacinthe HALVORSON	7692.81
1067	edyth CONN	9888.38
1068	ole WUCKERT	8517.44
1069	johanna OKUNEVA	1220.35
1070	sincere VEUM	5137.04
1071	adolfo BARTON	6379.45
1072	norris RYAN	6733.92
1073	jerel BOGAN	8911.33
1074	cornell HAHN	7918.36
1075	augustine PAGAC	8702.54
1076	herminia HEANEY	9065.11
1077	catharine RODRIGUEZ	2560.36
1078	bell DENESIK	9098.54
1079	rosalind D'AMORE	3024.56
1080	elmo LEHNER	7349.33
1081	tessie MCGLYNN	4572.83
1082	roel BOGISICH	2007.37
1083	aubree BARTOLETTI	3030.09
1084	laverne BREKKE	6148.15
1085	jarred LUBOWITZ	4478.15
1086	london HODKIEWICZ	7363.24
1087	retha RICE	5432.72
1088	neva BODE	1266.97
1089	arne DENESIK	7614.02
1090	cicero SCHULIST	8156.41
1091	garth LEANNON	8565.69
1092	birdie ROHAN	2217.68
1093	theodora FARRELL	8911.82
1094	fay SCHOEN	9178.48
1095	coralie HOMENICK	1925.82
1096	estelle HEATHCOTE	6898.95
1097	alycia ERNSER	6509.81
1098	maritza SCHMITT	7784.92
1099	edmond SCHOEN	2418.95
1100	orion VEUM	1536.08
1101	theron STRACKE	3317.36
1102	friedrich O'REILLY	2087.34
1103	moshe LEMKE	1822.95
1104	matteo RICE	5687.14
1105	rosalee HOMENICK	6800.02
1106	domenick SAWAYN	3951.64
1107	lambert PROHASKA	4601.01
1108	gerardo CREMIN	4726.63
1109	adella TREMBLAY	7411.87
1110	jennifer SCHINNER	8502.56
1111	erica HOPPE	1893.99
1112	gabe SCHMITT	2810.47
1113	eliane GULGOWSKI	8337.55
1114	zola SAWAYN	7166.34
1115	logan BOTSFORD	3495.16
1116	elinor CARROLL	6117.94
1117	jayme NIENOW	7405.85
1118	yvette ZBONCAK	2055.08
1119	keith RAYNOR	4463.57
1120	herminia SAWAYN	3279.32
1121	destin KOEPP	1873.13
1122	wilmer JENKINS	3469.63
1123	carmelo RODRIGUEZ	5521.96
1124	annie HARTMANN	8833.05
1125	conner HILPERT	3260.55
1126	lois SWIFT	7089.31
1127	warren PARISIAN	9989.81
1128	maxwell RICE	4768.72
1129	caden BECHTELAR	7868.51
1130	gabe THIEL	2318.07
1131	leslie ROHAN	5566.17
1132	ubaldo HOEGER	5298.15
1133	willow GOYETTE	8897.91
1134	athena GAYLORD	3322.88
1135	dayton SMITH	5541.64
1136	lyla VON	1833.42
1137	calista BOEHM	4757.38
1138	hershel KEELING	9168.21
1139	madilyn SKILES	3890.66
1140	monty REILLY	5611.96
1141	queen FERRY	7017.41
1142	haylee TOY	3029.92
1143	loma JACOBS	2870.19
1144	cyril ROGAHN	5125.27
1145	amaya REINGER	3902.13
1146	angelina ABSHIRE	6835.91
1147	ines WALKER	3517.81
1148	dayne HERMISTON	7028.24
1149	brett BRAKUS	5174.25
1150	lenora TRANTOW	3010.43
1151	molly VANDERVORT	9283.85
1152	laurianne TROMP	5923.01
1153	yesenia KONOPELSKI	1708.87
1154	jolie DECKOW	8458.86
1155	curt STEHR	5887.27
1156	ernestine RUTHERFORD	1751.47
1157	natalia GLOVER	9558.45
1158	meagan GUTKOWSKI	5582.45
1159	nasir GLEASON	4292.49
1160	april LUETTGEN	6742.09
1161	effie NICOLAS	3219.14
1162	adelia PAUCEK	7402.72
1163	hailee EFFERTZ	9096.83
1164	wilfrid ROOB	2844.23
1165	valerie FRITSCH	5823.07
1166	dahlia ROBEL	8430.03
1167	eloise BRAUN	5118.53
1168	kim CUMMINGS	2168.54
1169	lexie KSHLERIN	9195.83
1170	fernando BECHTELAR	5909.16
1171	evert ZIEME	7187.98
1172	vicky HALEY	4090.28
1173	uriel ROOB	3788.36
1174	christop POUROS	3572.61
1175	herminio MURRAY	1012.48
1176	kelsie SCHADEN	3416.97
1177	sydney JENKINS	3039.37
1178	chanelle SCHINNER	2424.17
1179	judson HOWE	3569.05
1180	keara SCHOWALTER	9954.19
1181	dean ARMSTRONG	6859.06
1182	julianne BOEHM	5385.63
1183	emmett ROBEL	5311.52
1184	edward FERRY	7840.03
1185	davonte BATZ	8549.26
1186	sarai KRAJCIK	9854.73
1187	reagan LEMKE	2965.78
1188	erling WARD	5715.87
1189	isabel CHRISTIANSEN	2515.75
1190	percival POUROS	6895.89
1191	araceli LANGWORTH	7240.64
1192	aglae BARTELL	8538.23
1193	jeanne EMMERICH	3650.27
1194	tara BRUEN	5185.94
1195	adeline GISLASON	2407.98
1196	isobel WOLF	1839.49
1197	madison O'KEEFE	9788.91
1198	bertrand ABBOTT	3182.97
1199	grover TOWNE	8989.98
1200	kristoffer HARRIS	9273.08
1201	markus DOOLEY	9692.32
1202	frida WEIMANN	6648.37
1203	jennie HEATHCOTE	8401.46
1204	connie KLING	2708.98
1205	ola FUNK	7163.49
1206	sonia ROOB	2723.19
1207	kenya PARISIAN	5788.04
1208	reva EMARD	2583.62
1209	scottie CRIST	8881.38
1210	remington GERLACH	1300.44
1211	phyllis MACGYVER	6172.87
1212	damian VEUM	4045.04
1213	grady PARISIAN	7816.29
1214	judson MRAZ	5070.57
1215	joelle GAYLORD	5338.35
1216	aric HAGENES	2841.77
1217	jazmyne KIRLIN	5347.17
1218	delmer HILLL	9736.32
1219	annetta FAHEY	8659.93
1220	laury JENKINS	8667.97
1221	nettie MCKENZIE	7192.08
1222	darren WISOZK	4341.72
1223	lesly KOVACEK	4682.51
1224	vincenzo CARTER	2807.98
1225	maegan TRANTOW	4770.77
1226	christian HOPPE	2948.53
1227	ford STEHR	3671.79
1228	jany KERTZMANN	6179.03
1229	naomi LESCH	8669.38
1230	frieda MUELLER	1849.35
1231	bertrand HERMANN	6167.65
1232	hubert O'HARA	3086.31
1233	sadye PARISIAN	8027.34
1234	julio RITCHIE	8633.95
1235	emiliano FRANECKI	4512.72
1236	clara GERLACH	4763.15
1237	coleman BAUCH	7656.31
1238	german MRAZ	5025.79
1239	alene PFEFFER	3972.19
1240	jett KUNDE	8156.92
1241	nichole HICKLE	3455.34
1242	henderson O'KON	6716.96
1243	breanne TURCOTTE	7847.96
1244	kara PADBERG	8909.93
1245	garth ALTENWERTH	1586.53
1246	emily LARKIN	1344.03
1247	nathaniel ROHAN	6722.57
1248	ebba PURDY	6219.74
1249	lionel HERMANN	3427.04
1250	tamara WALSH	8924.27
1251	KYLA kerluke	8533.27
1252	SCOTTIE crist	5624.43
1253	ODA senger	8287.19
1254	DEVANTE marks	4964.39
1255	NICOLETTE rogahn	9028.82
1256	SUSANA reinger	4599.42
1257	ROBIN lind	2180.67
1258	MYAH rempel	9682.83
1259	CAYLA hane	2727.76
1260	ALEEN rath	7129.57
1261	COLE osinski	6759.54
1262	FRANCESCA bahringer	8771.33
1263	DIMITRI greenfelder	2453.15
1264	PRECIOUS marvin	7460.59
1265	REYES runolfsson	4863.54
1266	LILIANA schmeler	6610.87
1267	ADELIA stehr	6494.86
1268	STAN o'conner	2098.76
1269	KAREEM schiller	2512.99
1270	ADRIANNA considine	6533.75
1271	ELINOR marks	6809.47
1272	PAULINE rohan	1079.98
1273	CONNOR waters	1982.83
1274	WALTON orn	4351.61
1275	ANNAMAE gulgowski	6009.19
1276	OPAL howell	6690.31
1277	DESTINEE grimes	6108.12
1278	SEDRICK bernhard	7177.64
1279	JUSTINE cole	3928.32
1280	JAYNE moen	2304.68
1281	CIELO conn	5853.77
1282	LEXI barrows	6846.18
1283	MAYE lakin	6333.77
1284	RENE abernathy	4658.95
1285	ISAIAH fay	4306.25
1286	OTTILIE botsford	8028.76
1287	JUSTEN cole	6289.88
1288	EVELYN ledner	8276.33
1289	DERON bayer	2524.98
1290	MARINA conroy	8989.15
1291	JOSEPH mcdermott	6587.74
1292	NEAL reinger	5062.14
1293	RICKIE deckow	2006.98
1294	ADELL sporer	5268.04
1295	JEWEL barrows	3758.15
1296	RODGER trantow	3180.17
1297	BRUCE witting	7126.78
1298	MITTIE kessler	4881.19
1299	MOHAMED baumbach	6189.82
1300	BERRY haley	4752.71
1301	CHADRICK rath	5844.12
1302	DORA hermann	8403.99
1303	JACKLYN hartmann	1444.43
1304	ROGER smith	4257.38
1305	FAYE grimes	1036.12
1306	ALANA mann	5097.41
1307	LILYAN ankunding	4441.97
1308	VANESSA walsh	6571.62
1309	CORNELIUS wilderman	7959.15
1310	EMILE gulgowski	1450.85
1311	JESS grimes	4072.69
1312	LOUISA kemmer	8389.46
1313	KARL torphy	5491.84
1314	ARIELLE hettinger	2008.23
1315	SAMANTA bernier	7380.68
1316	BRANDON dibbert	3766.01
1317	DERON shields	7269.51
1318	MADILYN schumm	6561.34
1319	TREMAINE bins	3441.91
1320	ISSAC spinka	2512.88
1321	HILMA marks	6804.73
1322	ELINOR pfannerstill	5182.11
1323	CHARLEY goodwin	2772.35
1324	LONIE ruecker	5110.15
1325	ETHEL jones	8765.63
1326	PORTER heller	1961.11
1327	SYDNI shields	4770.37
1328	SARINA kirlin	8377.38
1329	VALERIE bruen	5209.16
1330	WYATT rolfson	1539.36
1331	PAOLO abshire	4239.84
1332	LOUISA gleichner	7676.79
1333	GARRISON ruecker	1858.58
1334	MADALINE beatty	2791.09
1335	NEDRA medhurst	6026.58
1336	JILLIAN renner	1219.17
1337	JULIANNE daniel	5081.97
1338	JEROMY gibson	3793.08
1339	TANYA harvey	9769.79
1340	XANDER rath	1492.04
1341	JEROME white	9141.92
1342	KIARA wilkinson	6036.57
1343	LAURYN schamberger	8314.46
1344	TYREE adams	8588.28
1345	PRECIOUS mills	8671.45
1346	RYDER casper	2161.49
1347	AMBROSE deckow	5479.21
1348	DEMARCO swift	3411.56
1349	TRYSTAN schinner	9379.84
1350	ERVIN hoppe	1858.63
1351	DANIELLE bashirian	7976.66
1352	JULIET boehm	5490.44
1353	CHRIS hudson	4426.66
1354	AUGUSTA bahringer	5350.02
1355	HORACIO wisozk	6531.08
1356	LUCIENNE pollich	3498.18
1357	MATHEW romaguera	9703.77
1358	LORAINE goyette	3129.85
1359	ADITYA kerluke	1235.57
1360	KELSIE rippin	2610.15
1361	ELSIE reichert	8465.38
1362	ALFONZO hammes	6932.22
1363	GUISEPPE conroy	1208.48
1364	AXEL cruickshank	6169.01
1365	SCOTTIE carroll	3772.69
1366	LOWELL heaney	5752.95
1367	LUDIE murphy	2674.84
1368	ADRIEN fisher	4057.66
1369	JEAN powlowski	4041.57
1370	KELVIN feil	3388.37
1371	HENRI gulgowski	7655.68
1372	PANSY bednar	9453.37
1373	LORENZO ward	2224.52
1374	PENELOPE mccullough	5387.46
1375	ARMANI rice	8939.73
1376	ANNALISE kris	4164.64
1377	ANTONIA schumm	8473.06
1378	BERTHA lehner	7143.82
1379	KEENAN waters	5316.42
1380	LEONARDO dooley	8389.28
1381	PENELOPE wisozk	4529.62
1382	QUENTIN strosin	2234.12
1383	KRISTIAN crona	6995.94
1384	DUNCAN wolf	3603.35
1385	KODY ebert	4613.22
1386	KOREY purdy	1293.31
1387	LIANA trantow	3330.02
1388	DEJA torp	5994.69
1389	UNIQUE daniel	3274.63
1390	JACQUELYN sipes	6810.35
1391	FREDY turner	3837.92
1392	OLGA rosenbaum	4111.56
1393	SAGE dubuque	6315.57
1394	IMANI howe	5357.96
1395	LEANNE walsh	9217.43
1396	ISSAC schuster	2110.75
1397	LAISHA mraz	3736.26
1398	PABLO durgan	7670.73
1399	KORY oberbrunner	4083.92
1400	JAMEY denesik	6785.01
1401	MICHELE corwin	9434.25
1402	MEDA muller	2830.39
1403	NADIA dare	4017.94
1404	CARISSA corwin	2204.02
1405	ANJALI kirlin	5675.36
1406	DANGELO hauck	8258.45
1407	GONZALO franecki	1763.37
1408	JERAMIE mante	9536.48
1409	KALEIGH runolfsdottir	3187.75
1410	JERRY hudson	5514.22
1411	VIVIEN cronin	9945.08
1412	ROSENDO bradtke	1912.69
1413	DELPHINE wolff	5962.52
1414	ABEL pollich	1814.78
1415	MAVIS dicki	6316.13
1416	STEFANIE cruickshank	1335.83
1417	CASSANDRE lehner	6120.56
1418	MYRTLE hyatt	1026.59
1419	ALENA heathcote	1855.33
1420	ERIC schinner	6261.24
1421	JORGE gutkowski	7675.78
1422	TRISTON considine	2079.58
1423	RILEY keebler	6312.43
1424	COLT rempel	3901.12
1425	VICKY gleichner	2531.73
1426	IDA conn	6550.94
1427	RORY ullrich	9192.41
1428	JEROMY gorczany	4154.19
1429	THEODORE langosh	1077.22
1430	MAXIE gottlieb	3909.94
1431	MERLE stiedemann	9719.48
1432	GRAYSON tremblay	1012.95
1433	MARTA homenick	4816.45
1434	JASMIN ferry	8837.18
1435	JAKE mertz	6993.36
1436	HELENE fahey	4438.46
1437	MAKENZIE bartell	4705.24
1438	DERRICK schmidt	3508.41
1439	DEONTE zemlak	4431.14
1440	GLENNA hammes	3730.25
1441	AVERY lemke	7029.59
1442	LAMONT collins	2883.29
1443	MORGAN collins	8591.99
1444	KARIANNE brekke	3782.52
1445	LAWSON larson	7952.17
1446	BEAU grant	1781.19
1447	CORY klein	9330.38
1448	BRENDEN zieme	5165.77
1449	MAE runolfsson	7465.28
1450	ARELY turner	9137.72
1451	MADELYN gleason	4622.02
1452	MEKHI bradtke	1914.46
1453	PRESTON armstrong	8221.24
1454	MARCELINA littel	5697.39
1455	WARREN schuppe	7224.28
1456	CLEMENT dicki	5324.39
1457	EASTON wilderman	8950.75
1458	NILS lehner	3200.14
1459	SONNY rau	6952.11
1460	JERALD kautzer	6902.56
1461	AGUSTINA predovic	7441.61
1462	DOMENIC muller	8322.06
1463	JONATHAN douglas	8951.07
1464	MARCUS boyle	5780.05
1465	MERLIN quitzon	2430.73
1466	ORLAND strosin	4977.79
1467	GABRIELLE brekke	1487.35
1468	ELVERA kihn	8405.66
1469	HOBART heaney	2169.49
1470	QUINN rath	7454.75
1471	ED hahn	3955.96
1472	PRECIOUS klocko	6154.04
1473	ARDEN becker	6083.66
1474	LUCAS hilpert	7708.86
1475	BETTIE simonis	1842.67
1476	GARRICK terry	5301.34
1477	MAYRA lindgren	3520.02
1478	SHAKIRA rippin	9574.53
1479	JOELLE wunsch	6684.99
1480	MEGANE king	7833.14
1481	YASMIN grady	6830.34
1482	FRIEDA hackett	6151.58
1483	ESTELLE hermann	2345.78
1484	ZOILA kuhic	5294.62
1485	IZAIAH hartmann	2479.22
1486	RHODA rippin	1495.82
1487	MYRNA corwin	8672.84
1488	ANDRE schumm	6185.78
1489	ELIANE emmerich	9971.46
1490	HUNTER abernathy	9472.26
1491	CARLEE dare	7344.99
1492	CELIA o'kon	7708.28
1493	RONNY nikolaus	5861.26
1494	FREDERICK lehner	7569.09
1495	EDNA prosacco	3013.18
1496	ISADORE west	3305.06
1497	TANYA crona	4437.49
1498	LUTHER cassin	3413.38
1499	TATUM parker	8496.68
1500	KAILYN lakin	4154.62
1501	DARE, danika	8737.17
1502	DUBUQUE, jody	8057.97
1503	KING, erin	9230.84
1504	FRANECKI, elwin	3106.79
1505	KSHLERIN, brycen	4977.82
1506	LUETTGEN, dortha	9134.68
1507	KUNZE, andreane	6749.84
1508	JAST, rosa	8276.93
1509	TURNER, rebeka	9895.19
1510	KREIGER, horacio	1861.32
1511	SMITH, felicity	5108.67
1512	BARROWS, alfredo	8459.54
1513	SCHOWALTER, jaime	9957.48
1514	WEST, rosemary	2416.05
1515	ANKUNDING, neha	6971.05
1516	KUHLMAN, hosea	3386.37
1517	MARKS, fabiola	4190.95
1518	MILLER, tyree	5224.64
1519	SWANIAWSKI, hailey	9901.88
1520	HILPERT, bret	2438.75
1521	SCHOWALTER, rory	4540.27
1522	BALISTRERI, cierra	6613.75
1523	REYNOLDS, ricky	5892.78
1524	MCCULLOUGH, alek	3326.33
1525	POWLOWSKI, mireille	7640.13
1526	KOSS, sigrid	3516.57
1527	HERMAN, lessie	6461.08
1528	DACH, bobby	3519.61
1529	RATKE, kamille	6103.61
1530	CUMMERATA, lonzo	7380.67
1531	WITTING, ofelia	3337.87
1532	FADEL, lila	9442.95
1533	SCHMELER, astrid	8253.72
1534	MONAHAN, abelardo	6340.86
1535	KUB, laurie	4896.54
1536	DOYLE, parker	5052.65
1537	KEEBLER, haylee	1940.47
1538	POUROS, easter	6642.87
1539	TORP, elise	8417.68
1540	O'CONNELL, lurline	3475.94
1541	GERHOLD, josiane	3833.33
1542	ROLFSON, quentin	3115.29
1543	BLICK, marlee	1688.84
1544	GRAHAM, earline	1777.14
1545	FERRY, jaylon	2143.31
1546	BREKKE, tyler	2349.25
1547	BOSCO, cheyenne	8744.56
1548	FAHEY, rasheed	1229.41
1549	LEUSCHKE, dortha	6058.62
1550	SCHOWALTER, elisabeth	9034.61
1551	THOMPSON, erwin	3188.34
1552	CHAMPLIN, lavada	8295.28
1553	WHITE, damon	7253.77
1554	ONDRICKA, kailyn	1794.12
1555	RATKE, nicola	5959.84
1556	ERDMAN, dayton	4144.94
1557	TROMP, alice	6327.63
1558	CARROLL, janie	7367.07
1559	LEUSCHKE, derrick	9690.92
1560	FRIESEN, yolanda	8592.53
1561	AUFDERHAR, karson	9943.72
1562	FRAMI, mack	1853.74
1563	GRANT, pascale	2909.53
1564	HEIDENREICH, gideon	9009.02
1565	BAILEY, lamont	2545.51
1566	VON, brittany	1151.02
1567	SCHUPPE, leslie	3061.45
1568	HODKIEWICZ, lonzo	7607.92
1569	EFFERTZ, adelle	5360.71
1570	LITTEL, kaylin	5746.37
1571	SCHINNER, nathen	6033.88
1572	MORAR, ernestine	3172.43
1573	MURAZIK, orville	8141.65
1574	CARROLL, shyann	1074.29
1575	JERDE, sammie	8613.65
1576	HARBER, marcelle	3669.69
1577	CRUICKSHANK, jovan	5820.66
1578	PARKER, zachary	6245.67
1579	KILBACK, virginia	7036.28
1580	HUELS, lisandro	5849.37
1581	HILPERT, dusty	9303.41
1582	KILBACK, noemi	2765.26
1583	WILL, sim	1673.21
1584	BINS, bettye	6582.45
1585	FRITSCH, marlene	5373.49
1586	KIHN, jaiden	4041.12
1587	WATSICA, zechariah	4370.79
1588	OLSON, chelsie	5334.85
1589	SAWAYN, rene	9088.91
1590	GISLASON, austin	6815.43
1591	KOHLER, jovany	9642.97
1592	CASSIN, frederik	5159.48
1593	MARVIN, lucius	7660.78
1594	KILBACK, erika	8310.89
1595	HALEY, clemmie	2790.43
1596	GAYLORD, otto	7151.69
1597	KUTCH, janae	1144.38
1598	HOPPE, amalia	2711.35
1599	SCHAEFER, elta	7312.65
1600	NICOLAS, nigel	9642.92
1601	PAUCEK, francisco	7000.88
1602	MARVIN, vickie	7608.77
1603	GRAHAM, deshaun	3861.81
1604	DICKENS, pat	6739.85
1605	HAND, carolyn	1403.41
1606	QUITZON, cecelia	8235.14
1607	STRACKE, stanford	2184.13
1608	JACOBS, sallie	9456.26
1609	CARROLL, ophelia	4766.46
1610	WALTER, linnea	3706.99
1611	STEUBER, matt	2599.41
1612	KUHN, marcos	1824.83
1613	HAHN, stephon	4420.29
1614	WINDLER, flavie	5804.09
1615	STARK, samson	3608.69
1616	HAND, annetta	7594.94
1617	HOWELL, tracy	9860.95
1618	WARD, eldred	6522.42
1619	JERDE, myrl	3429.89
1620	HESSEL, joe	9927.64
1621	VONRUEDEN, augustine	2806.26
1622	LUETTGEN, evelyn	3761.02
1623	BOYLE, jasmin	7544.62
1624	MEDHURST, fletcher	1939.95
1625	WEISSNAT, tito	7794.74
1626	HERMISTON, julie	7165.63
1627	STEUBER, birdie	5545.13
1628	O'KEEFE, kristin	3337.18
1629	MURPHY, whitney	1240.27
1630	MCLAUGHLIN, elmo	6302.71
1631	TOWNE, jody	5267.23
1632	JERDE, lupe	4760.51
1633	BROWN, adolph	4801.98
1634	SCHOEN, daniella	2217.44
1635	NADER, caterina	6579.56
1636	BOYLE, gavin	3369.34
1637	GLEASON, pamela	8513.69
1638	KESSLER, hailee	7983.51
1639	FARRELL, dayna	8693.71
1640	O'CONNELL, lindsey	8205.94
1641	WATSICA, cynthia	2762.93
1642	WALKER, lavern	9652.31
1643	CARTWRIGHT, jacquelyn	1174.99
1644	KUTCH, rachel	4407.19
1645	EMMERICH, stefanie	1250.77
1646	WATERS, maximillia	5494.17
1647	KOZEY, chris	5096.39
1648	MULLER, nestor	4097.24
1649	OLSON, van	1200.62
1650	LEDNER, sheldon	1329.49
1651	WILKINSON, nicolette	4433.71
1652	KASSULKE, ariel	5689.22
1653	HETTINGER, graciela	9422.29
1654	BAUMBACH, jovanny	4936.62
1655	STEUBER, jamarcus	4778.85
1656	WAELCHI, daniella	7123.47
1657	RATH, barton	4137.45
1658	GLOVER, vladimir	5196.51
1659	FADEL, odessa	4055.29
1660	BARTELL, carlotta	4476.36
1661	RAYNOR, leila	4290.74
1662	LEDNER, antonia	4156.41
1663	BASHIRIAN, roslyn	8001.66
1664	CREMIN, rebeka	3131.08
1665	ZEMLAK, emmanuelle	3552.47
1666	O'HARA, jocelyn	9191.92
1667	HOWELL, margaretta	2352.57
1668	ULLRICH, adrienne	7476.35
1669	O'CONNER, tad	5148.23
1670	CASSIN, eleonore	3887.44
1671	CHAMPLIN, deondre	7390.52
1672	HETTINGER, dawson	2730.93
1673	LEANNON, lavern	6796.08
1674	WILL, jonatan	9418.75
1675	GERHOLD, koby	8507.58
1676	WINDLER, elinore	5597.37
1677	MILLS, dimitri	3536.32
1678	NOLAN, richie	5501.22
1679	WUCKERT, kamille	9870.36
1680	WEBER, eudora	5774.22
1681	STOKES, hans	9399.83
1682	NOLAN, kirsten	2863.38
1683	D'AMORE, jo	2645.37
1684	NIKOLAUS, ewell	5685.67
1685	STOKES, xavier	4798.69
1686	JERDE, joel	5320.28
1687	LANG, alfredo	3082.83
1688	EBERT, benny	7432.68
1689	LAKIN, seamus	7134.16
1690	CASSIN, zechariah	8931.06
1691	ORN, gina	1326.09
1692	PFEFFER, brenna	3064.71
1693	REMPEL, lulu	2732.67
1694	WILL, kraig	8900.09
1695	VONRUEDEN, johathan	3674.79
1696	JACOBSON, collin	1624.52
1697	WALTER, eino	4157.12
1698	SKILES, rocky	7926.51
1699	JOHNS, tristian	4225.31
1700	LEUSCHKE, orrin	4534.62
1701	WALSH, bret	1567.56
1702	KUHLMAN, ollie	1936.87
1703	NICOLAS, abigale	5359.21
1704	DAUGHERTY, wade	3833.87
1705	FEENEY, caitlyn	9706.06
1706	CORKERY, elna	1148.83
1707	CARTWRIGHT, laurianne	6913.54
1708	JACOBI, austen	7705.78
1709	KSHLERIN, shayna	3653.59
1710	KOEPP, melany	1103.67
1711	SMITHAM, collin	7973.06
1712	ONDRICKA, karl	3039.78
1713	ZIEMANN, tomasa	6571.72
1714	KSHLERIN, muriel	6222.05
1715	BOYER, keaton	7052.26
1716	BRADTKE, kyle	7450.21
1717	WALKER, jerry	6654.42
1718	KERTZMANN, ransom	2114.14
1719	SATTERFIELD, pink	7472.63
1720	PREDOVIC, keeley	6985.13
1721	ABBOTT, paula	4866.69
1722	GRANT, braulio	2002.39
1723	RUTHERFORD, elnora	2849.03
1724	ANDERSON, cassidy	7684.14
1725	KRAJCIK, javonte	9598.14
1726	KRAJCIK, henri	2842.37
1727	LUBOWITZ, robbie	7726.97
1728	BOTSFORD, urban	7277.78
1729	MCCLURE, camden	1104.49
1730	RUSSEL, nola	2325.41
1731	BREKKE, bailey	4316.43
1732	RYAN, brennon	9508.14
1733	BAUCH, gwen	3031.15
1734	FAHEY, savannah	6039.67
1735	HARTMANN, adell	1273.23
1736	GRIMES, logan	7851.08
1737	MURAZIK, edmond	7655.21
1738	SCHMELER, eva	6236.84
1739	GIBSON, lesley	4677.44
1740	GISLASON, loma	7764.23
1741	MCGLYNN, ellsworth	3117.93
1742	RYAN, lexus	1570.45
1743	ABBOTT, myah	8298.91
1744	MILLS, garrett	6782.69
1745	BEATTY, deborah	5804.47
1746	KUHIC, bernhard	9299.86
1747	REILLY, jack	8161.83
1748	HOWELL, marvin	4910.69
1749	AUER, jessie	8837.85
1750	GIBSON, elias	8560.57
1751	ziemann, MARLEY	5431.99
1752	rowe, DOUGLAS	7815.26
1753	casper, GENERAL	3341.54
1754	reilly, JACK	4792.74
1755	mcglynn, JAYLAN	5324.39
1756	vandervort, RAINA	4393.87
1757	botsford, URBAN	3886.56
1758	kirlin, MADISEN	3016.35
1759	auer, JESSIE	8837.26
1760	mann, DAGMAR	7667.05
1761	cronin, DONAVON	3184.63
1762	mckenzie, JENIFER	2900.73
1763	hahn, CYNTHIA	6436.04
1764	hoppe, ESTEL	7712.45
1765	luettgen, JAYDA	6378.26
1766	shanahan, JAVIER	3419.19
1767	predovic, KEELEY	1809.42
1768	marks, KIANA	4641.02
1769	fahey, KYLA	9475.19
1770	koch, HUGH	8414.66
1771	ryan, LEXUS	9977.27
1772	lakin, WENDY	1682.67
1773	mitchell, JORDAN	7700.15
1774	cruickshank, AYLIN	2372.32
1775	denesik, JOSEPH	4949.63
1776	osinski, TRE	7271.76
1777	gottlieb, CONCEPCION	7224.52
1778	bogisich, KAYLEE	7832.49
1779	keebler, TRISHA	3231.97
1780	torphy, CAROL	8121.17
1781	barrows, KARLEY	3692.28
1782	cremin, BRAEDEN	4700.62
1783	homenick, BERNARDO	1670.35
1784	hartmann, ANYA	6406.63
1785	jacobi, AUSTEN	2296.48
1786	funk, BRAULIO	5039.72
1787	corkery, LEILA	8024.08
1788	schmitt, MAC	3538.55
1789	becker, AMERICO	1481.19
1790	corkery, ELNA	1213.93
1791	rowe, MAZIE	4675.87
1792	mante, KEVON	2030.08
1793	rice, ALLY	8016.49
1794	o'conner, MARIANNA	1895.69
1795	lind, STEPHEN	6553.81
1796	stamm, ELYSSA	9743.84
1797	kshlerin, MURIEL	6402.02
1798	pfeffer, MURRAY	7547.52
1799	hansen, ERICA	6597.49
1800	zieme, KAYLI	9780.39
1801	kutch, FLAVIO	9268.61
1802	boehm, MEKHI	1614.02
1803	leannon, NORBERTO	3843.17
1804	johnston, MARITZA	3768.63
1805	armstrong, BRETT	8411.48
1806	homenick, TABITHA	3568.51
1807	bartell, GUILLERMO	1989.64
1808	weimann, STEPHANIE	8817.89
1809	ruecker, ARIANNA	8610.38
1810	johnson, RUPERT	2149.69
1811	lesch, LESLY	9429.85
1812	grimes, JAROD	5737.56
1813	kunze, LOLA	8022.44
1814	skiles, NAKIA	8983.47
1815	greenfelder, SHARON	3026.36
1816	ankunding, ROWAN	8689.66
1817	kunze, ASHLEY	3852.84
1818	nolan, FINN	5214.29
1819	prohaska, JAYSON	2417.77
1820	powlowski, MARISOL	6082.63
1821	herman, HARVEY	7828.94
1822	macgyver, HAZEL	4280.63
1823	stokes, WESTON	7221.68
1824	cruickshank, JEREL	9220.13
1825	jacobs, GLENNIE	9746.12
1826	corwin, FRIEDA	3952.55
1827	o'conner, TATUM	2481.43
1828	hagenes, CHEYANNE	9400.96
1829	marquardt, DEVYN	1255.63
1830	hegmann, DAVON	2628.97
1831	beier, KACIE	2952.41
1832	lesch, BRAYAN	2243.62
1833	balistreri, ELIZA	8441.42
1834	bogan, CAITLYN	3881.87
1835	ernser, LOLA	2994.16
1836	mertz, ORVAL	7941.48
1837	reynolds, SANTOS	4039.49
1838	daniel, JUWAN	8182.16
1839	shanahan, SISTER	2703.15
1840	o'kon, OBIE	2966.56
1841	kunze, VIVIAN	6946.95
1842	hayes, STACY	9893.04
1843	langosh, GERALD	5481.21
1844	ritchie, ROCIO	6803.37
1845	dickens, HUMBERTO	4111.77
1846	schimmel, CHAIM	8927.78
1847	kertzmann, CAMILA	4761.18
1848	sanford, ARVILLA	1994.11
1849	hickle, JEREMY	6374.41
1850	schoen, BETTIE	2284.25
1851	glover, EMMIE	8858.96
1852	dietrich, GERSON	7504.23
1853	kulas, PATSY	3679.85
1854	barton, MAYBELL	6418.54
1855	greenholt, HILTON	9135.08
1856	nicolas, HOWELL	7615.57
1857	stamm, ADITYA	2528.88
1858	towne, UNIQUE	5637.35
1859	osinski, MARINA	9463.93
1860	mertz, RUSSEL	2998.33
1861	hartmann, ROZELLA	8561.42
1862	crist, SHANIYA	9189.62
1863	rath, ELNORA	6461.77
1864	beer, LAZARO	6296.97
1865	adams, ASHTYN	9493.29
1866	lemke, LONNY	2656.44
1867	rogahn, EARLINE	6792.19
1868	krajcik, ANTWON	7076.67
1869	kuvalis, MARLON	1135.57
1870	thiel, KATHRYNE	1978.36
1871	harris, SIDNEY	8176.34
1872	hartmann, GERARD	5906.34
1873	jerde, ALESSANDRO	3427.54
1874	gottlieb, ZOEY	5170.82
1875	rath, ALVERTA	6755.64
1876	feest, VERONA	3319.02
1877	pacocha, ELENOR	7325.64
1878	leffler, LESLY	4230.16
1879	mcclure, LELAH	3511.57
1880	greenfelder, SCHUYLER	7084.54
1881	champlin, JOY	3212.78
1882	renner, JOSEFINA	5511.74
1883	hansen, VERLIE	3207.73
1884	jones, KELLEN	2059.99
1885	heathcote, NELS	6117.17
1886	hoeger, LORENA	1866.61
1887	cruickshank, ENOLA	3894.16
1888	ebert, VELDA	5847.67
1889	gutmann, CARY	7014.13
1890	bruen, ASHLY	9309.35
1891	schiller, IDELLA	9487.82
1892	ratke, ELOUISE	3203.14
1893	ankunding, PALMA	5216.63
1894	torp, LINNIE	9272.57
1895	jacobi, DUSTIN	7130.62
1896	stracke, MARLEE	1897.56
1897	schneider, JAYDA	5009.69
1898	durgan, SCOTTY	2559.72
1899	o'reilly, MAXIMILLIA	3283.22
1900	ledner, BRADFORD	2318.23
1901	batz, KAYLEIGH	9692.08
1902	reichel, GERSON	7701.84
1903	murphy, TIERRA	5517.02
1904	fritsch, COLT	3571.91
1905	barton, BO	1650.68
1906	murray, MYLENE	7659.61
1907	quigley, BERNARDO	7943.98
1908	kihn, FREDDIE	5302.15
1909	veum, RAMIRO	4331.55
1910	ortiz, DELIA	4152.75
1911	lakin, DANTE	4042.08
1912	weimann, YASMIN	2755.38
1913	grant, CANDELARIO	2815.35
1914	oberbrunner, JOHNNY	8468.79
1915	mitchell, WILEY	1990.15
1916	marvin, ELIZABETH	1782.75
1917	goyette, SALMA	7017.24
1918	buckridge, ALEK	3227.87
1919	kris, WINSTON	1012.57
1920	macejkovic, CRISTIAN	4316.12
1921	cassin, ELEAZAR	8989.97
1922	hilll, FAUSTO	4663.97
1923	parker, MICHAELA	3935.14
1924	moen, FREIDA	4802.06
1925	lowe, ANGELICA	9870.42
1926	vonrueden, LEWIS	8515.47
1927	hammes, OSWALD	9771.16
1928	simonis, FLO	1740.79
1929	huels, OFELIA	4174.31
1930	cummings, HERBERT	7472.79
1931	brown, ZITA	7825.77
1932	kilback, SANTA	9227.53
1933	harris, JERMAINE	8381.04
1934	kiehn, KAYCEE	5041.69
1935	prosacco, SCOT	2255.53
1936	koch, JORDANE	2823.02
1937	harber, AUGUSTINE	4950.39
1938	stark, GISSELLE	2702.42
1939	frami, ANGEL	6604.27
1940	orn, MARGE	4043.05
1941	roob, SALVADOR	4819.71
1942	murazik, DARIANA	3723.63
1943	conn, GREGG	3310.26
1944	abshire, DARBY	9056.41
1945	lueilwitz, JEAN	4784.75
1946	wisoky, MARCELO	8557.19
1947	barton, PENELOPE	8634.11
1948	moore, EMELY	7886.95
1949	grant, MADELYNN	2398.18
1950	turcotte, CHARLES	3458.27
1951	heaney, EVA	3955.89
1952	berge, ASHLYNN	5605.47
1953	wilderman, MILAN	9589.74
1954	nolan, BRADEN	3271.59
1955	grady, BERYL	5384.83
1956	turcotte, POLLY	7043.33
1957	wisozk, JAMESON	3539.54
1958	kris, LILLA	4299.21
1959	sanford, ADDIE	7713.99
1960	marvin, BERNADETTE	7493.89
1961	bogan, RENE	2283.17
1962	lockman, HOWARD	7051.67
1963	walker, JOHANN	9111.22
1964	pouros, LYDA	6605.09
1965	mohr, MISTY	8996.07
1966	dickinson, DAYNA	2706.43
1967	keeling, AMANI	5908.78
1968	beatty, ORVILLE	6122.96
1969	ullrich, JAN	4947.81
1970	waelchi, CLAUD	8886.12
1971	lesch, MABELLE	5685.96
1972	torphy, JUDGE	5440.91
1973	ratke, VINCENT	4579.42
1974	schiller, ELENA	8898.89
1975	stroman, ARMANDO	5103.56
1976	kunze, DEMETRIUS	9096.91
1977	price, JEFFRY	9712.91
1978	herzog, CLAUD	9475.93
1979	crist, PRESTON	1297.66
1980	stark, TONY	1406.96
1981	conn, CORDIE	6198.11
1982	kub, CHRISTOPHE	4180.71
1983	macejkovic, OKEY	3131.96
1984	toy, JESSE	2802.79
1985	hyatt, KALEY	9166.08
1986	gulgowski, RICKEY	8347.81
1987	collier, GENEVIEVE	2931.94
1988	windler, LAYNE	7479.26
1989	nader, ADOLF	5164.56
1990	waelchi, MONSERRATE	4841.48
1991	langosh, SELMER	7558.83
1992	price, TANIA	6437.54
1993	rutherford, JAKOB	4630.83
1994	langosh, DEVANTE	3406.36
1995	wintheiser, ALEXANDREA	2052.15
1996	kertzmann, JUNIUS	8637.48
1997	padberg, STEPHANIA	3523.55
1998	koch, BRIGITTE	1842.27
1999	ernser, VADA	8643.78
2000	bergstrom, ARCHIBALD	6134.55
2001	mann, cleo	2118.19
2002	jenkins, constantin	9002.79
2003	parker, keshawn	1002.09
2004	zulauf, sigmund	1842.14
2005	hammes, theo	5627.75
2006	bernhard, eliza	8306.75
2007	zboncak, helen	2691.67
2008	dach, norbert	1682.38
2009	labadie, tevin	2779.59
2010	terry, leonora	5943.65
2011	langosh, westley	5898.53
2012	senger, dorris	4564.79
2013	ortiz, gabriel	6084.13
2014	cormier, kenyon	2229.78
2015	bradtke, annie	1530.86
2016	bergstrom, ross	7662.23
2017	harris, erich	5861.24
2018	hirthe, jalen	6777.76
2019	baumbach, vada	2574.75
2020	hammes, stephan	9142.31
2021	parisian, jovany	9919.37
2022	kuhic, jerald	4287.97
2023	frami, antonette	3979.39
2024	turcotte, rosamond	8224.72
2025	bauch, garth	1621.97
2026	labadie, candice	4563.15
2027	hodkiewicz, sarah	3959.64
2028	waelchi, jacques	5581.88
2029	hamill, brooks	3669.85
2030	emmerich, jeffry	1947.16
2031	rice, americo	8723.59
2032	schmidt, virgie	5715.45
2033	hand, orland	8604.96
2034	legros, kristy	8269.55
2035	mohr, elvie	7981.94
2036	feeney, kaela	2368.16
2037	howell, nyasia	7240.46
2038	heidenreich, brant	1039.25
2039	lebsack, vella	7925.14
2040	homenick, deon	2097.95
2041	runolfsson, elizabeth	9524.85
2042	weimann, marilyne	2156.05
2043	corwin, casimer	1526.56
2044	thiel, tamia	5821.88
2045	harvey, jeanette	5401.51
2046	carroll, tavares	3367.36
2047	welch, garfield	7352.13
2048	wyman, deshawn	6526.45
2049	mohr, laron	4839.93
2050	emard, sylvia	5794.61
2051	bins, lea	4034.94
2052	aufderhar, deshaun	1015.56
2053	gleason, kyler	4056.75
2054	deckow, kiley	6653.66
2055	luettgen, judah	3768.91
2056	schneider, juwan	4993.53
2057	bayer, dora	7724.42
2058	christiansen, jeff	2297.67
2059	brekke, gladys	8829.16
2060	huels, uriel	2233.47
2061	koch, jermey	1920.92
2062	jast, precious	2778.79
2063	becker, gabriella	1038.31
2064	armstrong, rupert	4684.59
2065	weber, hosea	6710.25
2066	howe, precious	2403.15
2067	koss, estella	8119.57
2068	johns, jedidiah	3425.34
2069	sporer, norene	8101.63
2070	maggio, mafalda	2793.98
2071	conn, elisha	3758.37
2072	becker, diana	2975.72
2073	eichmann, jules	7661.69
2074	grady, andre	8763.15
2075	lang, skyla	7172.15
2076	doyle, josefa	7430.55
2077	parisian, emery	1027.92
2078	gaylord, rosamond	5765.96
2079	kunde, judd	9270.43
2080	lehner, eryn	1920.41
2081	homenick, gabe	3108.37
2082	orn, samara	9434.75
2083	kessler, emmitt	7361.32
2084	cummerata, della	7586.19
2085	trantow, bonita	6849.45
2086	rau, maudie	8789.49
2087	walker, pierce	7203.79
2088	beatty, stan	4270.02
2089	feeney, jeromy	1192.85
2090	rippin, abel	2695.36
2091	emmerich, rasheed	9676.46
2092	mills, earline	3575.27
2093	lang, garrett	9558.45
2094	larkin, glenna	9454.87
2095	jerde, hailee	1123.55
2096	heaney, dolly	3975.61
2097	hintz, omer	2449.31
2098	bergstrom, gaston	9425.56
2099	kris, sterling	3394.74
2100	herman, davon	6956.53
2101	lindgren, calista	2581.93
2102	thompson, kay	9616.97
2103	heidenreich, abel	8074.52
2104	klocko, hubert	4931.08
2105	bednar, cody	3358.65
2106	rolfson, talon	1932.75
2107	walker, kane	7608.24
2108	kub, godfrey	2673.43
2109	keebler, favian	7064.29
2110	schmidt, kody	3708.96
2111	bednar, obie	4344.74
2112	rippin, larissa	1178.89
2113	dubuque, sabryna	8563.04
2114	reilly, gretchen	2706.47
2115	padberg, winifred	7383.38
2116	waters, jerad	7971.67
2117	anderson, duane	3913.17
2118	dibbert, peter	2407.69
2119	walter, katrina	7186.31
2120	lesch, daniella	6392.45
2121	parisian, marco	7307.65
2122	leffler, marcellus	5525.95
2123	bradtke, vicky	5840.48
2124	kunde, yvonne	3779.48
2125	blick, courtney	3296.17
2126	jerde, kim	2152.35
2127	price, clement	6114.05
2128	kessler, camron	5157.03
2129	kovacek, catherine	2741.25
2130	pollich, lois	7422.47
2131	botsford, vickie	8548.31
2132	walter, twila	3135.73
2133	russel, modesto	4577.53
2134	frami, jaydon	6001.34
2135	runte, cristian	7838.97
2136	jacobson, furman	5661.66
2137	baumbach, assunta	1456.78
2138	barton, laverne	8085.22
2139	mertz, johann	8111.52
2140	dooley, richie	2138.05
2141	rice, josie	2047.49
2142	barrows, janis	2464.57
2143	sipes, marcia	4643.18
2144	sporer, vida	5095.67
2145	hodkiewicz, sage	4543.71
2146	abbott, myrtle	9250.72
2147	beier, cicero	4291.29
2148	kilback, afton	5594.38
2149	paucek, peter	4622.46
2150	bruen, devyn	3999.54
2151	reynolds, naomi	8190.72
2152	russel, amparo	2669.41
2153	ziemann, evert	6133.49
2154	fahey, federico	1089.72
2155	lockman, percival	6180.22
2156	herzog, eloy	6219.75
2157	dicki, jo	9905.81
2158	marks, janis	6965.55
2159	white, madalyn	3724.56
2160	jacobs, zander	8724.48
2161	predovic, carolina	8132.33
2162	haag, morton	5493.56
2163	casper, gerard	8249.88
2164	bradtke, ruben	9641.02
2165	johns, ottilie	8467.83
2166	orn, connie	3636.82
2167	berge, theresia	6089.04
2168	hoeger, stacy	5217.27
2169	hudson, domenick	4947.92
2170	stiedemann, alfredo	6589.37
2171	dare, jett	1194.42
2172	beer, carissa	7923.51
2173	bernhard, adaline	9426.96
2174	keebler, trever	6716.85
2175	wisoky, august	8822.41
2176	gusikowski, jeanie	2107.89
2177	jacobi, alessandra	9896.75
2178	yost, pascale	3150.85
2179	moore, mollie	3857.87
2180	o'kon, katrina	1835.29
2181	mcglynn, watson	5836.32
2182	barrows, adolph	1347.83
2183	kiehn, boyd	7740.57
2184	mueller, karine	4624.95
2185	satterfield, kailee	2549.56
2186	white, janick	6569.94
2187	schimmel, gladys	5528.07
2188	o'conner, rupert	9741.29
2189	stanton, soledad	2320.15
2190	orn, marquise	2213.12
2191	bergstrom, martin	7829.43
2192	stroman, jovani	4678.42
2193	fay, derek	1798.69
2194	tremblay, zack	2214.06
2195	champlin, owen	8166.35
2196	beatty, ulises	1305.12
2197	kunde, julian	5981.94
2198	sanford, pattie	4792.48
2199	wiegand, aryanna	3371.43
2200	mcclure, vada	5354.03
2201	kuhn, leonardo	3062.78
2202	parisian, antwan	1962.74
2203	o'kon, kasandra	3276.13
2204	roob, shirley	6788.67
2205	larkin, madelyn	7211.98
2206	lindgren, kamren	5727.46
2207	treutel, oren	8486.28
2208	kirlin, vincent	8072.63
2209	ankunding, kelvin	1351.08
2210	hodkiewicz, henri	3881.13
2211	schultz, jalyn	4875.25
2212	dickinson, amina	8301.38
2213	powlowski, abigail	9329.95
2214	corkery, sebastian	3897.46
2215	halvorson, sally	4508.51
2216	weimann, kamron	9260.61
2217	botsford, kacie	5465.94
2218	dicki, dena	2511.29
2219	murray, dayne	3934.56
2220	rutherford, bridget	8268.91
2221	prohaska, monserrat	9201.38
2222	jaskolski, verner	3802.89
2223	dach, tiana	2023.57
2224	o'reilly, davin	1913.73
2225	johnston, ryan	7014.65
2226	koelpin, maryse	2298.79
2227	armstrong, niko	7364.38
2228	hintz, chad	2127.61
2229	huels, darryl	3138.27
2230	hauck, rudy	6364.59
2231	waelchi, liam	3951.02
2232	barrows, adrien	8260.26
2233	ullrich, gilda	3815.56
2234	hermann, cordelia	7399.96
2235	langosh, mable	8573.66
2236	wintheiser, damian	1459.83
2237	wehner, jayme	3492.28
2238	towne, jacinto	2632.25
2239	gleichner, clemmie	5717.88
2240	moore, vallie	1235.54
2241	swift, alanna	7188.69
2242	senger, carlotta	6324.24
2243	hermann, roberto	9600.59
2244	daniel, urban	2476.57
2245	hilll, fidel	4231.23
2246	powlowski, damion	1912.69
2247	reilly, stuart	4258.52
2248	treutel, ahmed	3306.06
2249	mitchell, emile	9958.66
2250	williamson, amani	6773.08
2251	BLOCK, QUINN	1395.62
2252	LEMKE, MARGARETT	1294.97
2253	BREKKE, DOMENIC	1575.49
2254	VEUM, DAHLIA	3199.76
2255	MAYERT, AMARA	2791.81
2256	GULGOWSKI, MATHILDE	6856.29
2257	BRADTKE, KAYLI	3079.85
2258	MEDHURST, EVAN	2934.55
2259	KUB, DOCK	1128.94
2260	O'KEEFE, SHERMAN	3632.58
2261	ERNSER, ZORA	3846.01
2262	STEUBER, MYRIAM	5178.52
2263	CROOKS, SALLIE	1020.26
2264	BRAKUS, JEDEDIAH	5677.02
2265	CROOKS, BEAU	3926.08
2266	SCHUSTER, JEREMIE	9314.25
2267	O'CONNER, SHANELLE	5603.81
2268	SPENCER, LETHA	9421.47
2269	COLLIER, JOSIANNE	9078.63
2270	HIRTHE, ORAN	7597.82
2271	SPINKA, EINAR	5702.67
2272	RUNOLFSSON, LAMONT	4129.94
2273	DOUGLAS, FOREST	5501.88
2274	HARTMANN, KENDRICK	8797.56
2275	NICOLAS, SAIGE	2649.08
2276	WILLIAMSON, AMANI	7281.35
2277	WISOZK, JERAD	3544.46
2278	CARTWRIGHT, MAC	1415.04
2279	NADER, PERCIVAL	6324.39
2280	WAELCHI, FREDDY	3382.57
2281	VEUM, REYNOLD	2159.01
2282	HACKETT, MOSHE	8692.23
2283	SHIELDS, REECE	2848.17
2284	POLLICH, LUCIUS	8648.85
2285	KESSLER, JACQUES	7224.39
2286	BATZ, ISABELL	7085.45
2287	POUROS, LUIS	5227.26
2288	PROHASKA, MONSERRAT	8557.78
2289	SCHROEDER, HESTER	1702.24
2290	RUNOLFSDOTTIR, ANABELLE	6615.47
2291	ZULAUF, DEVYN	5908.41
2292	FRITSCH, ARIC	7641.42
2293	MOSCISKI, SALVADOR	2497.94
2294	KOEPP, BERRY	7592.79
2295	PFANNERSTILL, NATALIA	9539.18
2296	GLEASON, MARIAN	8500.18
2297	SCHMIDT, WALLACE	2715.84
2298	CORMIER, PATTIE	9260.29
2299	FUNK, DAVON	7976.05
2300	HYATT, LAVERNE	7634.53
2301	BOGAN, NIKKO	5698.48
2302	GOLDNER, COLLIN	2442.32
2303	LAKIN, RENE	1802.52
2304	DONNELLY, EULA	9008.99
2305	ROLFSON, JOVANNY	5957.97
2306	BUCKRIDGE, DELORES	6758.88
2307	OLSON, DEVYN	9515.91
2308	ZEMLAK, ROSA	6093.09
2309	O'CONNELL, MILO	9817.78
2310	FUNK, JERAMIE	9068.01
2311	KOVACEK, VELDA	1566.05
2312	BLICK, DION	6566.52
2313	BOSCO, JOLIE	9873.08
2314	HANE, DELL	4473.94
2315	CARROLL, TERRILL	7188.69
2316	FEIL, ARDEN	6388.32
2317	DANIEL, LORNA	3407.14
2318	GRADY, LORA	6860.12
2319	HERMAN, CHASE	8591.04
2320	ZIEMANN, BERTRAND	7408.07
2321	EMMERICH, DIEGO	1393.26
2322	PAUCEK, HERMINIO	1290.71
2323	QUIGLEY, ANASTACIO	3996.73
2324	HICKLE, KEELEY	2912.67
2325	RUTHERFORD, ROSARIO	1647.74
2326	DOYLE, JASMIN	6307.46
2327	KEEBLER, DONAVON	7664.74
2328	HUDSON, CHESLEY	9880.51
2329	HAGENES, ABDULLAH	1200.56
2330	DAUGHERTY, JACKIE	2063.43
2331	SKILES, BELLA	2577.01
2332	WYMAN, IGNATIUS	9432.91
2333	CONSIDINE, ETHAN	2481.72
2334	DAVIS, ERIC	4098.59
2335	RENNER, ROBYN	4352.23
2336	DOYLE, LUKAS	2786.96
2337	NICOLAS, DAISHA	4044.07
2338	BERGE, KENNA	5883.23
2339	ANDERSON, JUDSON	2155.35
2340	WEHNER, SAMARA	4927.31
2341	HAMILL, PAULINE	3095.63
2342	GLOVER, BUSTER	4675.83
2343	HERMISTON, JANY	9464.91
2344	WILL, MYLENE	7524.53
2345	HEIDENREICH, ALENA	8240.16
2346	KRAJCIK, ALFREDO	8830.64
2347	MERTZ, CRISTOPHER	4637.42
2348	HEIDENREICH, REMINGTON	7812.29
2349	KOZEY, DANIELLE	2857.57
2350	MARKS, JOHNNY	7667.37
2351	CREMIN, CHANDLER	5575.29
2352	GERLACH, URBAN	4455.47
2353	BOYLE, JANIS	4524.81
2354	KUNZE, MONSERRAT	3174.75
2355	JACOBI, RANDI	6100.52
2356	SCHMELER, SERENITY	9542.68
2357	STROSIN, THADDEUS	2409.21
2358	CONROY, NATHAN	8164.21
2359	STROMAN, JUDSON	8722.52
2360	MCDERMOTT, CAMILLA	5127.26
2361	KRAJCIK, JEFFERY	5719.01
2362	ERNSER, ADRIANA	9518.73
2363	WOLFF, YOSHIKO	1969.21
2364	HODKIEWICZ, KIM	4439.48
2365	YUNDT, HERTA	6268.01
2366	MILLER, ULICES	7313.84
2367	JOHNSON, MELYNA	2094.38
2368	UPTON, EDWINA	2263.13
2369	GULGOWSKI, GEOFFREY	5824.33
2370	CUMMERATA, ELSA	6753.39
2371	MOORE, CASSANDRE	9442.85
2372	CREMIN, GREGG	8568.57
2373	BOYER, BROWN	8537.64
2374	RIPPIN, IMELDA	3137.04
2375	HAMILL, AYLIN	9435.47
2376	DENESIK, BERYL	8675.06
2377	FUNK, JOE	5009.65
2378	LEMKE, GREEN	6693.28
2379	FARRELL, MARIANNE	6799.36
2380	GOODWIN, ELSIE	7104.55
2381	MANTE, TRISTIN	9149.52
2382	HACKETT, YVETTE	3911.02
2383	KRIS, DIANA	1319.46
2384	DUBUQUE, CIELO	4481.51
2385	BRUEN, BULAH	1520.67
2386	DECKOW, GRETA	1020.31
2387	LEMKE, GONZALO	8207.15
2388	SMITHAM, LAISHA	6516.44
2389	GERLACH, SADYE	5132.62
2390	HOEGER, MAXIMILLIA	4320.15
2391	WUCKERT, DIAMOND	6469.45
2392	JENKINS, ADRIEL	1443.72
2393	KUNZE, BRANNON	9887.59
2394	RUNOLFSSON, OLIVER	4973.45
2395	MONAHAN, GUS	7644.41
2396	O'REILLY, HUGH	3894.27
2397	KULAS, PRINCESS	8020.05
2398	PRICE, CATHRINE	6507.86
2399	POWLOWSKI, EDYTHE	6793.66
2400	DICKINSON, ROEL	9232.48
2401	PARISIAN, LORNA	7130.95
2402	BEIER, TERRY	2385.94
2403	QUIGLEY, RAFAEL	8984.32
2404	KAUTZER, CHESLEY	4358.71
2405	BOEHM, EFREN	2594.77
2406	LEBSACK, ULISES	1728.75
2407	HERMAN, MARC	3152.24
2408	ROBEL, ROBERT	1173.88
2409	SCHAEFER, KHALID	2760.01
2410	KEMMER, CANDICE	5793.75
2411	BRAKUS, QUINCY	6250.35
2412	HOWELL, RODRICK	4562.24
2413	BERGNAUM, BELLE	4594.23
2414	JONES, DARIAN	3942.44
2415	O'KEEFE, GERARD	7142.61
2416	MURAZIK, STEPHANY	9452.48
2417	WILKINSON, JARVIS	4113.39
2418	HEGMANN, HILDEGARD	9841.49
2419	KESSLER, FORD	3875.11
2420	TERRY, ALLAN	4591.75
2421	REICHERT, FERNE	4737.86
2422	LANGOSH, DALE	9062.21
2423	RUSSEL, STEFAN	7402.25
2424	BASHIRIAN, ERVIN	8041.71
2425	CORWIN, DESTIN	2621.68
2426	MCCULLOUGH, AHMED	2371.03
2427	CREMIN, TERESA	2656.53
2428	MARKS, MELISSA	5166.66
2429	ALTENWERTH, JOHNNIE	3792.96
2430	SAWAYN, JUSTINE	5592.44
2431	SPENCER, JOLIE	4685.72
2432	LANG, LILLIANA	7967.98
2433	KOVACEK, ROLLIN	7172.43
2434	EMMERICH, RYAN	5972.35
2435	BAILEY, THOMAS	1388.23
2436	DANIEL, VERLA	3764.08
2437	STARK, LYNN	8448.59
2438	BERNIER, BRUCE	9764.04
2439	ROBEL, ZACHARIAH	6045.59
2440	CHAMPLIN, KATARINA	6383.86
2441	BALISTRERI, LAISHA	6962.63
2442	BORER, SIBYL	1869.74
2443	SCHULTZ, ABIGALE	7809.69
2444	SCHMELER, NICK	5930.12
2445	EICHMANN, ENOS	8549.61
2446	KOVACEK, CANDACE	1589.66
2447	HAGENES, HOYT	5419.23
2448	PARISIAN, CESAR	9459.42
2449	SCHULTZ, PETER	3732.66
2450	WILDERMAN, TREVOR	2108.69
2451	MILLER, SEDRICK	3858.73
2452	STOKES, CASSIE	4212.78
2453	WISOKY, KEELEY	6868.51
2454	HAMILL, MADISYN	1079.88
2455	GULGOWSKI, DEONTE	1550.63
2456	BAILEY, EZEQUIEL	3842.45
2457	KEELING, AIDEN	4644.01
2458	PURDY, EILEEN	5005.99
2459	CROOKS, SIMEON	1627.51
2460	REICHEL, JASON	5352.38
2461	MEDHURST, ANSEL	7659.95
2462	DECKOW, THEO	2517.73
2463	O'KEEFE, HANNA	1525.43
2464	SCHADEN, DANNIE	3240.35
2465	WIEGAND, CAROLYNE	3930.86
2466	FEIL, ALEEN	1572.29
2467	SCHADEN, ALISON	7673.84
2468	SCHMELER, DEJON	5563.77
2469	GUTMANN, BARBARA	3484.49
2470	O'CONNER, NAT	6500.47
2471	ROMAGUERA, RICHARD	6805.85
2472	HAUCK, NADIA	5232.19
2473	KEELING, FELIPE	2475.68
2474	WUNSCH, FOREST	4575.29
2475	FRITSCH, MACIE	1201.58
2476	CORWIN, JODIE	1271.67
2477	MCCLURE, CITLALLI	5195.67
2478	LAKIN, GRETA	9145.76
2479	HEIDENREICH, TYRIQUE	3352.02
2480	MCDERMOTT, JOVAN	1266.42
2481	HAYES, ZETTA	5153.01
2482	GOYETTE, IVAH	7324.72
2483	JONES, ROSELLA	5608.81
2484	ZIEME, DEWAYNE	1552.46
2485	DOUGLAS, VIRGINIE	1326.23
2486	RUNTE, BROOKS	7511.23
2487	LOCKMAN, ROYCE	1976.53
2488	KULAS, ELMER	7337.31
2489	HETTINGER, ORIN	2984.76
2490	ALTENWERTH, JULIET	8246.51
2491	SCHULIST, ETHAN	1593.89
2492	FEEST, IDELL	4431.92
2493	BAUMBACH, ALBA	2926.01
2494	AUFDERHAR, TIANA	1707.93
2495	JONES, ERIK	4205.12
2496	DOOLEY, DOCK	9407.97
2497	STOKES, ARMANDO	5351.36
2498	WALSH, CAMILLE	6372.35
2499	KOVACEK, JEFFREY	8395.15
2500	FRAMI, VENA	6889.82